OTU ID,T1,T2,T3,T7,T8,T10,T12,T13,T15,T16,T17,T18,T22,T23,T25,T26,T27,T30,T32,T33,T34,S1,S2,S3,S7,S8,S10,S12,S13,S15,S16,S17,S18,S22,S23,S25,S26,S27,S30,S32,S34
ASV165,30,13,5,21,0,1,69,34,40,14,6,107,19,1,43,2,0,3,2,0,4,32,0,126,0,53,4,0,1,11,40,0,5,11,34,3,3,0,22,0,0
ASV262,6,9,1,0,0,0,0,3,0,1,7,0,0,30,1,9,106,13,0,4,0,6,1,61,4,0,0,0,0,1,0,0,0,0,0,0,0,0,0,0,0
ASV275,0,0,0,0,0,0,19,0,0,0,0,0,0,5,0,1,18,11,0,0,0,94,0,0,1,0,5,0,0,0,2,0,4,125,0,1,3,0,27,0,0
ASV281,0,0,0,0,0,0,0,0,0,0,0,0,0,286,189,1,1,7,0,0,0,4,0,0,0,0,3,0,0,0,0,0,1,23,1,21,0,0,0,0,0
ASV329,0,0,0,0,0,0,0,0,0,49,0,1,32,106,117,1,1,5,0,0,0,12,1,0,11,0,0,0,0,0,0,0,0,0,9,1,0,0,0,0,0
ASV339,4,3,0,2,25,0,2,28,1,10,43,195,93,0,0,0,0,0,0,0,0,0,0,0,0,0,0,0,0,0,0,0,0,0,0,0,0,0,0,0,0
ASV352,0,0,0,0,0,0,0,0,0,0,0,0,0,18,86,1,0,9,0,0,0,6,0,0,3,0,0,0,1,0,0,0,0,0,2,62,0,0,0,0,0
ASV394,0,0,0,0,0,0,0,0,0,0,0,0,27,75,11,1,0,5,0,0,0,7,0,0,6,0,0,0,0,0,0,0,0,27,27,26,0,0,0,0,0
ASV408,1,0,0,0,0,3,0,12,0,25,18,0,0,0,1,1,1,16,1,0,0,0,0,60,2,358,0,0,0,0,0,0,0,0,0,0,0,0,0,81,0
ASV495,0,2,0,0,0,0,0,1,0,45,10,55,3,0,1,5,0,0,0,11,15,0,81,0,0,0,0,0,0,2,0,0,62,0,0,0,0,0,1,0,0
ASV521,1,0,0,48,0,0,0,0,0,0,0,0,0,3,4,12,58,231,2,3,0,10,0,0,2,0,0,0,0,0,0,0,0,0,0,0,0,0,0,0,0
ASV537,2,2,1,0,0,2,0,10,41,0,1,75,1,0,2,0,22,0,0,1,0,0,0,0,0,0,3,0,0,0,0,23,0,0,0,1,0,0,0,0,0
ASV540,0,0,0,0,0,0,0,0,0,3,142,0,0,13,62,0,0,1,0,0,0,3,1,0,0,0,0,0,0,0,0,0,14,1,152,0,0,0,0,0,0
ASV557,3,2,1,0,0,2,0,10,1,30,8,87,52,9,0,0,0,2,0,0,0,0,0,0,0,0,0,0,0,0,0,0,1,0,0,0,0,0,0,0,0
ASV575,0,2,0,0,0,1,7,22,0,0,0,0,0,0,1,1,0,2,0,0,0,1,1,2,132,32,15,25,43,0,1,1,40,0,0,1,1,0,5,0,0
ASV613,0,0,0,0,0,0,0,0,0,0,0,0,0,0,4,29,1,0,122,86,95,3,2,11,0,3,0,0,0,0,0,0,0,0,0,0,0,0,0,0,0
ASV823,4,4,1,0,9,1,0,5,0,24,0,0,0,0,97,5,0,0,0,0,0,0,0,71,0,0,0,19,27,2,0,1,25,0,52,1,0,0,2,0,0
ASV962,0,0,0,0,0,0,0,0,0,0,0,0,0,3,0,0,0,5,0,0,0,4,0,0,5,0,0,0,0,0,0,0,0,0,0,0,0,0,0,0,0
ASV967,0,0,0,0,0,2,0,0,0,43,0,0,93,0,0,0,0,0,0,0,0,0,0,0,0,0,0,0,0,0,7,0,1,4,0,1,0,0,153,0,0
ASV977,0,0,0,0,0,0,0,0,0,0,0,0,0,0,2,2,26,20,9,113,91,9,0,1,0,0,0,0,0,0,0,0,0,0,0,0,0,0,0,0,0
ASV1017,0,0,0,0,0,1,44,0,0,0,0,0,0,0,0,0,0,0,0,7,0,0,0,0,0,0,0,0,0,0,0,0,0,0,0,0,0,0,0,239,2
ASV1090,2,0,0,0,0,0,0,26,0,0,0,0,0,0,0,0,0,0,0,0,0,0,0,0,0,0,0,0,0,4,0,2,0,0,0,0,126,76,13,0,0
ASV1240,0,2,0,1,0,0,0,5,0,4,1,67,1,0,0,0,0,0,0,0,0,0,0,0,0,0,0,0,0,0,0,0,0,0,0,0,0,0,0,0,0
ASV1284,0,0,0,0,0,12,0,0,0,0,0,0,0,0,2,23,2,0,42,18,18,16,1,2,0,0,1,0,0,0,9,0,0,0,0,0,0,0,0,0,37
ASV1353,0,5,0,0,95,2,0,0,0,0,0,0,0,0,0,0,0,0,0,0,0,0,0,0,0,0,0,0,0,0,0,0,0,0,0,0,0,0,0,0,0
ASV1397,0,0,0,0,0,0,0,0,0,0,0,0,0,0,0,12,14,0,36,27,24,3,0,3,0,2,0,0,0,0,0,0,0,0,0,0,0,0,0,0,37
ASV1440,0,0,0,0,0,0,0,0,0,0,0,0,0,0,4,12,0,0,63,2,2,12,0,2,0,0,0,0,0,0,0,0,0,0,0,0,0,0,0,0,0
ASV1547,0,0,0,0,0,0,0,0,0,0,0,0,0,0,3,12,0,0,41,27,29,15,1,5,0,0,0,0,0,0,0,0,0,0,0,0,0,0,0,0,2
ASV1588,0,1,0,2,0,0,0,1,50,0,1,2,0,0,0,0,0,0,0,0,0,0,0,0,0,0,0,0,0,0,0,0,0,0,0,0,0,0,0,0,0
ASV1614,0,0,0,94,0,1,1,0,0,0,0,0,0,0,0,0,0,0,0,0,0,0,0,0,0,0,0,0,0,0,0,0,39,0,0,0,0,0,0,0,0
ASV1679,0,0,0,0,0,0,0,1,0,0,0,0,0,0,0,0,0,0,0,0,0,21,0,2,0,0,0,0,0,0,0,0,0,0,0,0,0,0,0,0,0
ASV1925,0,0,0,2,6,4,0,2,0,0,0,0,41,0,0,0,0,0,0,0,0,0,1,0,0,30,0,0,0,1,2,0,0,0,0,1,0,0,0,0,0
ASV1956,0,0,0,0,0,0,0,0,0,0,0,0,0,0,30,0,0,0,0,0,0,0,0,0,0,0,0,0,0,0,0,0,0,1,0,106,0,0,0,0,0
ASV1989,0,0,0,0,0,125,1,0,0,9,0,0,2,0,0,0,0,0,0,0,0,0,0,0,0,0,0,0,0,0,0,0,0,0,0,0,0,0,0,0,0
ASV2000,0,0,0,0,0,0,0,0,0,0,0,0,0,0,0,0,0,0,0,0,0,0,0,0,0,0,0,0,0,4,0,0,0,0,0,0,75,50,5,0,0
ASV2219,0,0,0,0,0,0,0,0,0,1,14,0,0,0,0,0,0,1,0,0,0,0,0,0,0,0,0,0,1,0,0,0,0,0,2,71,0,0,0,0,0
ASV2268,0,0,1,0,0,0,0,0,0,0,0,0,63,48,0,0,0,0,0,0,0,0,0,0,0,0,0,0,0,0,0,0,0,0,0,0,0,0,0,0,0
ASV2279,50,20,33,1,0,0,0,0,3,0,0,0,0,0,0,0,0,0,0,0,0,0,0,0,0,0,0,0,0,0,0,0,0,0,0,0,0,0,0,0,0
ASV2314,0,1,1,0,0,0,0,1,0,0,0,16,19,0,0,0,0,0,0,0,5,0,0,0,0,0,0,0,0,0,0,0,0,0,0,0,0,0,0,0,0
ASV2333,0,0,0,0,0,0,0,0,0,0,0,0,0,0,0,0,0,0,0,0,0,0,0,0,0,0,0,0,2,0,0,0,0,0,12,0,1,0,0,0,0
ASV2592,0,0,0,0,0,103,0,0,0,2,0,0,0,0,0,0,0,0,0,0,0,0,0,0,0,0,0,0,0,0,0,0,0,0,0,0,0,0,0,0,0
ASV2730,0,0,0,0,0,0,0,0,0,0,0,0,0,1,0,0,0,4,0,0,0,0,2,2,86,0,0,0,0,0,0,0,0,0,0,0,0,0,0,0,0
ASV2993,0,0,0,0,0,0,0,3,0,0,92,0,0,0,0,0,0,0,0,0,0,0,0,0,0,0,0,0,0,0,0,0,0,0,0,0,0,0,0,0,0
ASV3057,0,0,0,0,0,0,0,0,0,0,0,0,0,3,3,1,0,0,0,22,6,0,14,0,0,0,0,0,0,0,0,0,0,5,0,0,0,0,0,37,0
ASV3124,0,0,0,0,0,0,0,0,0,0,0,0,0,0,0,0,0,0,0,0,0,0,0,0,0,0,0,0,1,1,0,0,2,0,0,0,53,29,3,0,0
ASV3132,0,0,0,0,0,0,0,0,0,0,0,0,0,31,18,0,0,1,0,1,0,1,0,0,0,0,0,0,0,0,0,0,0,0,2,0,0,0,0,0,0
ASV3156,1,0,0,0,0,14,25,0,0,0,0,2,0,0,0,0,0,0,0,0,0,0,0,0,0,0,0,0,0,0,0,0,0,0,0,0,0,0,0,0,0
ASV3257,0,0,0,0,0,0,0,2,0,1,47,2,0,0,0,0,0,0,0,0,0,0,0,0,0,0,0,0,0,0,0,0,0,0,0,0,0,0,0,0,0
ASV3286,2,1,1,0,0,0,0,0,0,0,1,3,0,0,20,0,0,1,0,0,0,0,0,0,0,2,0,0,0,0,0,0,0,0,0,0,0,0,0,0,0
ASV3291,0,0,1,0,0,0,0,0,0,10,2,0,13,0,0,0,0,0,0,0,0,0,0,0,0,0,0,0,0,0,0,0,0,0,0,0,0,0,0,0,0
ASV3470,0,0,2,0,0,0,14,1,51,0,0,1,0,0,0,0,0,0,0,0,0,0,0,0,0,0,0,0,0,0,0,0,0,0,0,0,0,0,0,0,0
ASV3595,0,0,0,0,0,0,20,0,0,0,0,0,0,0,0,0,0,0,0,0,0,0,0,0,0,45,0,2,13,0,0,0,0,0,0,0,0,0,1,0,0
ASV3610,0,0,0,0,0,10,0,5,0,1,0,0,0,0,0,0,0,35,0,0,0,1,0,0,1,0,0,0,0,0,5,0,0,0,0,0,0,0,0,0,0
ASV3643,0,0,0,0,0,0,0,0,0,0,1,0,0,0,0,1,0,0,0,0,0,0,1,76,0,0,0,0,0,0,0,0,0,0,0,0,0,0,0,0,0
ASV3654,17,13,16,1,13,0,0,0,19,0,0,0,0,0,0,0,0,0,0,0,0,0,0,0,0,0,0,0,0,0,0,0,0,0,0,0,0,0,0,0,0
ASV3722,0,0,0,0,0,0,0,0,0,0,0,1,0,0,0,0,1,0,0,35,38,1,0,0,0,0,0,0,0,0,0,0,0,0,0,0,0,0,0,0,0
ASV3752,0,0,0,0,1,0,14,0,0,0,0,0,0,0,0,0,0,0,0,0,0,0,0,0,0,0,0,0,0,0,0,0,0,0,0,0,0,0,0,0,0
ASV3757,0,0,0,0,0,0,0,0,0,0,0,0,0,20,42,0,0,0,0,0,0,0,0,0,0,0,0,0,0,0,0,0,0,0,9,0,0,0,0,0,0
ASV3832,0,0,0,0,0,0,0,0,0,12,9,0,0,0,0,0,0,0,0,0,0,2,0,0,0,0,0,0,0,0,0,0,0,0,0,3,0,0,0,0,0
ASV3876,1,0,0,0,0,0,4,6,0,0,1,32,0,0,0,0,0,0,0,0,0,0,0,0,0,0,0,0,0,0,0,0,0,0,0,0,0,0,0,0,0
ASV3887,0,0,0,0,0,0,0,0,0,0,0,0,0,0,0,0,0,0,0,0,0,0,0,0,0,0,0,0,2,1,0,0,0,0,30,0,0,0,0,0,0
ASV3915,0,0,0,0,0,0,0,0,0,0,0,0,0,0,0,0,0,0,0,0,0,0,1,0,75,0,0,0,0,0,0,0,0,0,0,0,0,0,0,0,0
ASV4082,0,0,0,0,0,0,0,0,0,0,0,0,0,0,1,0,62,0,0,6,0,0,0,0,0,0,0,0,0,0,0,0,0,0,0,0,0,0,0,0,0
ASV4263,0,0,0,0,0,0,0,0,0,0,0,0,0,0,0,0,0,0,0,0,0,0,0,0,0,0,0,0,0,0,0,0,0,0,28,0,0,0,0,0,0
ASV4403,0,0,0,0,0,0,0,0,0,0,0,0,0,2,1,0,0,36,0,0,0,0,0,0,0,0,0,0,0,0,0,0,0,0,0,0,0,0,3,0,0
ASV4572,0,0,0,0,0,0,0,0,0,0,0,0,0,2,0,0,0,2,0,0,0,29,0,0,1,0,0,0,0,0,0,0,0,0,0,0,0,0,0,0,0
ASV4614,0,0,0,0,0,0,0,0,0,0,0,0,0,0,34,0,0,1,0,0,0,0,0,0,0,0,0,0,0,0,0,0,0,0,0,23,0,0,0,0,0
ASV4650,0,2,0,0,0,0,0,0,0,0,1,5,0,0,9,1,0,0,0,0,0,0,0,0,0,0,0,0,0,0,0,0,0,0,0,0,0,0,0,0,0
ASV4840,0,0,0,0,0,0,0,0,0,0,30,1,0,0,0,0,0,0,0,0,0,0,0,0,0,0,0,0,0,0,0,0,0,0,0,0,0,0,0,0,0
ASV4867,0,0,0,0,0,0,0,0,0,7,0,0,2,0,0,0,0,0,0,0,0,0,0,0,0,0,0,0,0,0,0,0,0,0,0,0,0,0,0,0,53
ASV4981,0,0,0,0,0,0,47,0,0,0,0,0,2,0,0,1,0,0,0,0,0,0,0,0,0,0,0,0,0,0,0,0,0,0,0,0,0,0,0,0,0
ASV4986,0,0,0,0,0,0,0,0,0,60,1,0,0,0,0,0,0,0,0,0,0,0,0,0,0,0,0,0,0,0,0,0,0,0,0,0,0,0,0,0,0
ASV5015,1,2,0,0,0,0,0,0,0,0,2,17,0,0,0,0,0,0,0,0,0,0,0,0,0,0,0,0,0,0,0,0,0,0,0,0,0,0,0,0,0
ASV5077,0,0,0,1,0,1,27,11,1,0,0,0,0,0,0,0,0,0,0,0,0,0,0,0,0,0,0,0,0,0,0,0,0,0,0,0,0,0,0,0,0
ASV5231,0,0,0,0,0,0,0,0,0,0,0,0,0,0,0,0,0,0,0,0,0,0,1,0,0,57,0,0,0,0,0,0,0,0,0,0,0,0,0,0,0
ASV5244,9,5,9,0,0,0,0,0,0,0,0,0,0,0,0,0,0,0,0,0,0,0,0,0,0,0,0,0,0,0,0,0,0,0,0,0,0,0,0,0,0
ASV5314,0,0,0,0,0,0,0,0,0,0,0,0,0,0,7,0,0,0,0,0,0,0,0,0,0,0,0,0,0,0,0,2,0,0,47,0,0,0,0,0,0
ASV5350,21,16,15,0,0,0,0,0,0,0,0,0,0,0,0,0,0,0,0,0,0,0,0,0,0,0,0,0,0,0,0,0,0,0,0,0,0,0,0,0,0
ASV5635,0,0,0,0,0,0,0,0,0,0,0,0,0,0,0,0,0,0,0,0,0,0,0,0,0,0,0,0,0,0,0,0,0,0,51,0,0,0,0,0,0
ASV5636,0,0,0,0,0,0,0,0,0,0,0,0,0,0,0,29,0,0,0,0,0,0,0,0,0,0,0,0,0,0,0,0,0,0,0,0,0,0,0,0,18
ASV5804,0,0,0,0,0,0,0,0,0,0,0,0,0,0,0,0,0,0,0,0,0,0,0,0,0,0,0,0,0,0,0,0,0,0,0,0,0,0,0,53,0
ASV6047,0,0,0,0,12,0,0,0,0,3,15,0,0,0,1,0,0,0,0,0,0,0,0,1,0,0,0,0,0,0,0,0,0,0,0,0,0,0,0,0,0
ASV6070,0,0,0,0,0,0,0,0,0,0,0,0,0,0,0,5,0,0,16,1,4,4,0,0,0,0,0,0,0,0,0,0,0,0,0,0,0,0,0,0,0
ASV6233,0,0,0,0,0,0,0,0,0,0,0,0,0,18,0,0,0,0,0,0,0,0,0,0,0,0,0,0,0,0,0,0,0,0,0,0,0,0,0,0,0
ASV6248,0,0,0,1,0,41,3,0,0,3,0,0,0,0,0,0,0,0,0,0,0,0,0,0,0,0,0,0,0,0,0,0,0,0,0,0,0,0,0,0,0
ASV6368,0,0,0,0,0,0,0,0,0,0,0,0,0,0,0,0,0,28,0,0,0,0,0,0,0,0,0,0,0,0,0,0,0,0,0,0,0,0,0,0,0
ASV6405,0,0,1,0,0,0,0,0,0,0,0,0,0,17,0,0,0,0,0,0,0,0,0,0,0,0,0,0,0,0,0,0,0,0,25,0,0,0,0,0,0
ASV6579,0,0,0,0,0,0,0,0,0,0,0,0,0,0,0,2,0,21,0,0,0,0,1,0,0,0,0,0,0,0,0,0,0,0,0,0,0,0,0,0,0
ASV6619,0,0,0,0,0,0,0,0,10,0,0,0,0,1,0,0,0,22,0,0,0,0,0,0,0,0,0,0,0,0,0,2,0,0,0,0,0,0,0,0,0
ASV7000,0,0,0,0,0,0,0,0,0,0,0,0,0,0,0,1,35,0,0,6,0,0,0,0,0,0,0,0,0,0,0,0,0,0,0,0,0,0,0,0,0
ASV7085,0,0,0,0,0,0,0,0,0,0,36,0,0,0,0,0,0,0,0,0,0,0,0,0,0,0,0,0,0,0,0,0,0,0,0,0,0,0,0,0,0
ASV7463,0,0,0,0,0,0,0,0,0,0,0,0,0,0,0,0,0,0,0,0,0,0,0,0,0,0,5,0,0,0,31,0,1,0,0,0,0,0,0,0,0
ASV7639,0,0,0,0,0,0,0,0,0,0,0,0,0,0,0,0,0,0,0,0,0,0,0,0,0,0,0,0,0,0,0,0,0,0,0,0,0,0,19,0,0
ASV7840,0,0,0,0,0,37,0,0,0,2,0,0,0,0,0,0,0,0,0,0,0,0,0,0,0,0,0,0,0,0,0,0,0,0,0,0,0,0,0,0,0
ASV7858,0,0,0,0,0,0,0,0,0,0,0,0,0,0,0,0,0,0,0,0,0,38,0,0,0,0,0,0,0,0,0,0,0,0,0,0,0,0,0,0,0
ASV7914,0,0,0,0,0,1,0,0,0,38,0,0,0,0,0,0,0,0,0,0,0,0,0,0,0,0,0,0,0,0,0,0,0,0,0,0,0,0,0,0,0
ASV7973,0,0,0,0,0,0,0,0,0,0,0,0,0,0,0,0,0,0,0,0,0,1,0,0,38,0,0,0,0,0,0,0,0,0,0,0,0,0,0,0,0
ASV8088,0,0,0,0,0,0,0,0,0,0,0,0,0,0,0,0,0,0,0,0,0,0,0,0,0,0,0,0,0,0,0,0,0,0,0,34,0,0,0,0,0
ASV8100,0,0,0,9,0,0,0,0,0,0,0,0,0,0,0,1,0,14,0,0,0,0,0,0,0,0,0,0,0,0,0,0,0,0,0,0,0,0,0,0,0
ASV8394,0,0,0,0,0,0,0,0,0,0,0,0,0,0,0,0,0,0,0,0,0,0,0,0,0,0,0,0,0,0,0,1,0,0,35,1,0,0,0,0,0
ASV8546,0,0,0,0,0,0,0,0,0,0,0,0,0,0,0,0,0,0,0,0,0,0,0,0,0,0,0,0,0,0,0,0,0,0,36,0,0,0,0,0,0
ASV8726,0,0,0,0,0,0,0,0,0,0,0,0,0,0,0,0,0,0,0,18,17,0,0,0,0,0,0,0,0,0,0,0,0,0,0,0,0,0,0,0,0
ASV8764,0,0,0,0,0,0,34,0,0,0,0,0,0,0,0,0,0,0,0,0,0,0,0,0,0,0,0,0,0,0,0,0,0,0,0,0,0,0,0,1,0
ASV8805,0,0,0,0,0,0,0,0,0,0,0,0,0,0,1,1,0,14,0,0,1,1,0,0,0,0,0,0,0,0,0,0,0,0,0,0,0,0,0,0,0
ASV8946,0,0,0,0,0,0,0,0,0,1,33,0,0,0,0,0,0,0,0,0,0,0,0,0,0,0,0,0,0,0,0,0,0,0,0,0,0,0,0,0,0
ASV8960,0,0,0,0,1,28,0,0,0,4,0,0,0,0,0,0,0,0,0,0,0,0,0,0,0,0,0,0,0,0,0,0,0,0,0,0,0,0,0,0,0
ASV9008,0,0,0,0,0,0,0,6,0,1,1,12,0,0,0,0,0,0,0,0,0,0,0,0,0,0,0,0,0,0,0,0,0,0,0,0,0,0,0,0,0
ASV9162,0,0,0,0,16,0,0,0,0,0,0,0,0,0,0,0,0,0,0,0,0,0,0,0,0,0,0,0,0,0,0,0,0,0,0,0,0,0,0,0,0
ASV9177,0,0,0,0,0,0,0,0,0,0,0,0,0,0,0,0,0,0,0,0,0,0,0,0,0,0,0,0,0,0,0,0,0,0,29,0,0,0,0,0,0
ASV9211,0,0,0,0,0,0,0,0,0,24,0,0,0,0,0,10,0,0,0,0,0,0,0,0,0,0,0,0,0,0,0,0,0,0,0,0,0,0,0,0,0
ASV9454,0,0,0,0,0,0,0,0,0,0,0,0,0,0,0,0,0,0,0,0,0,0,0,0,0,32,0,0,0,0,0,0,0,0,0,0,0,0,0,0,0
ASV9609,0,0,0,0,0,0,0,0,0,0,0,0,0,0,0,0,0,0,0,14,16,0,0,0,0,0,0,0,0,0,0,0,0,0,0,0,0,0,0,0,0
ASV9683,0,0,0,0,0,0,0,0,0,0,0,0,0,0,5,1,0,0,0,0,0,0,0,0,0,0,0,0,0,0,0,0,0,0,0,26,0,0,0,0,0
ASV9905,0,0,0,0,0,0,0,0,0,0,0,0,0,0,0,0,0,16,0,0,0,0,0,0,0,0,0,0,0,0,0,0,0,0,0,0,0,0,0,0,0
ASV10005,0,0,0,0,0,0,0,0,0,0,0,0,0,0,0,1,0,0,11,0,0,1,2,0,0,0,0,0,0,0,0,0,0,0,0,0,0,0,0,0,0
ASV10039,0,0,0,0,0,0,0,0,0,0,0,0,0,0,0,0,0,0,0,12,14,3,0,0,0,0,0,0,0,0,0,0,0,0,0,0,0,0,0,0,0
ASV10326,0,0,0,0,0,0,0,0,0,0,0,0,0,0,0,0,0,0,0,0,0,0,0,0,0,0,28,0,0,0,0,0,0,2,0,0,0,0,0,0,0
ASV10401,0,0,0,0,0,0,0,0,0,0,0,0,0,0,29,0,0,0,0,0,0,0,0,0,0,0,0,0,0,0,0,0,0,0,0,0,0,0,0,0,0
ASV10615,0,0,0,0,0,0,0,0,0,0,0,0,0,0,0,0,0,0,0,0,0,28,0,0,0,0,0,0,0,0,0,0,0,0,0,0,0,0,0,0,0
ASV10756,0,0,0,0,0,0,0,0,0,0,0,0,0,0,0,0,0,0,0,0,0,0,29,0,0,0,0,0,0,0,0,0,0,0,0,0,0,0,0,0,0
ASV10842,0,0,0,0,0,0,0,0,0,0,0,0,0,0,0,0,0,1,0,0,0,1,0,0,26,0,0,0,0,0,0,0,0,0,0,0,0,0,0,0,0
ASV10999,0,0,0,0,0,0,0,0,0,1,26,0,0,0,0,0,0,0,0,0,0,0,0,0,0,0,0,0,0,0,0,0,0,0,0,0,0,0,0,0,0
ASV11005,0,0,2,0,0,0,0,0,26,0,0,0,0,0,0,0,0,0,0,0,0,0,0,0,0,0,0,0,0,0,0,0,0,0,0,0,0,0,0,0,0
ASV11097,0,0,0,22,0,0,0,0,0,0,6,0,0,0,0,0,0,0,0,0,0,0,0,0,0,0,0,0,0,0,0,0,0,0,0,0,0,0,0,0,0
ASV11166,0,0,0,5,0,18,0,0,0,0,0,0,0,0,0,0,0,1,0,0,0,0,0,0,4,0,0,0,0,0,0,0,0,0,0,0,0,0,0,0,0
ASV11353,1,0,0,0,0,0,0,0,1,0,0,1,0,0,0,0,0,0,0,0,0,0,0,1,0,0,0,0,0,0,0,0,0,0,0,0,0,0,20,0,0
ASV11372,0,0,0,0,0,0,0,0,0,0,0,0,0,0,0,0,0,0,0,10,16,1,0,0,0,0,0,0,0,0,0,0,0,0,0,0,0,0,0,0,0
ASV11560,0,0,0,0,0,0,0,0,0,25,0,0,0,0,0,0,0,0,0,0,0,0,0,0,0,0,0,0,0,0,0,0,0,0,0,0,0,0,0,0,0
ASV11665,0,0,0,0,2,0,0,0,0,0,0,0,0,11,0,0,0,0,0,0,0,0,0,0,0,0,0,0,0,0,0,0,0,0,0,0,0,0,0,0,0
ASV11975,0,0,0,0,0,0,0,0,0,0,0,0,0,0,0,0,0,0,0,0,0,0,0,0,0,26,0,0,0,0,0,0,0,0,0,0,0,0,0,0,0
ASV12373,11,7,3,0,1,0,0,0,0,0,0,0,0,0,0,0,0,0,0,0,0,0,0,0,0,0,0,0,0,0,0,0,0,0,0,0,0,0,0,0,0
ASV12387,0,0,0,0,0,0,0,0,0,0,0,0,0,0,0,0,0,0,0,0,0,0,0,0,0,0,0,0,0,0,0,0,0,0,0,25,0,0,0,0,0
ASV12404,0,0,0,0,0,0,0,0,0,0,0,0,0,0,0,0,0,0,0,0,0,0,0,0,0,0,0,0,0,2,0,0,0,0,0,0,13,10,0,0,0
ASV12541,0,0,0,0,0,0,0,0,0,0,0,0,0,0,0,0,0,0,0,0,0,0,0,0,0,0,0,0,0,0,0,0,0,0,0,0,0,0,0,22,0
ASV12681,0,0,0,0,0,0,0,0,0,0,0,0,0,0,0,1,0,0,0,0,0,0,0,0,0,0,0,0,0,0,0,0,0,0,0,0,0,0,0,1,22
ASV13075,0,0,0,0,0,0,0,0,0,8,0,0,0,2,0,0,0,0,0,0,0,0,0,0,0,0,0,0,0,0,0,0,0,0,0,1,0,0,0,0,0
ASV13270,0,0,0,0,0,0,0,0,0,0,0,0,0,0,0,0,0,0,0,0,0,0,0,0,0,0,0,0,0,0,0,0,0,0,0,0,0,0,0,0,23
ASV13627,0,0,0,0,0,0,0,0,0,0,0,0,0,0,1,1,0,10,0,0,0,1,0,0,0,0,0,0,0,0,0,0,0,0,0,0,0,0,0,0,0
ASV13633,0,0,0,0,1,6,15,0,0,0,0,0,0,0,0,0,0,0,0,0,0,0,0,0,0,0,0,0,0,0,0,0,0,0,0,0,0,0,0,0,0
ASV13635,0,0,0,0,0,0,0,0,0,0,0,0,0,0,0,0,0,16,0,0,0,0,0,0,0,0,0,0,0,0,0,0,0,0,0,0,0,0,0,0,0
ASV13637,0,0,0,1,0,19,0,0,0,1,0,0,0,0,0,0,0,0,0,0,0,0,0,0,0,0,0,0,0,0,0,0,0,0,0,0,0,0,0,0,0
ASV13659,1,0,0,0,0,0,0,22,0,0,0,0,0,0,0,0,0,0,0,0,0,0,0,0,0,0,0,0,0,0,0,0,0,0,0,0,0,0,0,0,0
ASV13700,0,0,0,0,0,0,0,0,0,0,0,0,0,21,0,0,0,0,0,0,0,0,0,0,0,0,0,0,0,0,0,0,0,0,0,0,0,0,0,0,0
ASV14089,0,0,0,0,0,0,0,0,0,0,0,0,0,0,0,0,0,0,12,3,1,0,0,0,0,0,0,0,0,0,0,0,0,0,0,0,0,0,0,0,0
ASV14169,0,0,0,0,19,0,0,0,2,0,1,0,0,0,0,0,0,0,0,0,0,0,0,0,0,0,0,0,0,0,0,0,0,0,0,0,0,0,0,0,0
ASV14652,0,0,0,1,0,0,2,1,0,0,0,7,0,0,0,0,0,0,0,0,0,0,0,0,0,0,0,0,0,0,0,0,0,0,0,0,0,0,0,0,0
ASV14975,0,0,0,0,21,0,0,0,0,0,0,0,0,0,0,0,0,0,0,0,0,0,0,0,0,0,0,0,0,0,0,0,0,0,0,0,0,0,0,0,0
ASV15138,0,0,0,0,0,0,0,0,0,0,0,0,0,0,0,0,0,0,3,9,5,1,0,0,0,0,0,0,0,0,0,0,0,0,0,0,0,0,0,0,0
ASV15213,0,0,0,0,0,0,0,1,0,0,0,0,0,0,1,0,0,0,0,0,0,0,0,0,0,17,0,0,0,0,0,0,0,0,0,0,0,0,0,0,0
ASV15367,0,0,0,0,0,0,0,0,0,0,0,0,0,0,0,0,0,0,0,13,7,0,0,0,0,0,0,0,0,0,0,0,0,0,0,0,0,0,0,0,0
ASV15509,0,0,0,0,0,0,0,0,0,0,0,0,0,0,0,0,0,0,0,8,9,1,0,0,0,0,0,0,0,0,0,0,0,0,0,0,0,0,0,0,0
ASV16153,0,0,0,0,0,0,0,0,0,0,0,0,0,0,18,1,0,0,0,0,0,0,0,0,0,0,0,0,0,0,0,0,0,0,0,0,0,0,0,0,0
ASV16182,0,0,0,0,0,1,16,0,0,0,0,0,0,0,0,0,0,0,0,0,0,0,0,0,0,0,0,0,0,0,0,0,0,0,0,0,0,0,0,0,0
ASV16195,0,0,0,0,19,0,0,0,0,0,0,0,0,0,0,0,0,0,0,0,0,0,0,0,0,0,0,0,0,0,0,0,0,0,0,0,0,0,0,0,0
ASV16222,0,0,0,0,0,0,0,0,0,0,0,0,0,0,0,0,0,0,0,0,0,0,0,0,0,0,0,0,0,0,0,0,0,0,16,0,0,0,0,0,0
ASV16487,0,0,0,0,0,0,0,0,0,0,0,0,0,0,0,0,0,0,0,0,0,0,0,0,0,0,0,0,0,0,0,0,0,0,0,0,12,5,2,0,0
ASV16603,0,0,0,0,0,0,0,0,0,0,0,0,0,0,0,0,0,0,0,0,0,17,0,0,0,0,0,0,0,0,0,0,0,0,0,0,0,0,0,0,0
ASV16669,0,0,0,0,0,0,17,0,0,0,0,0,0,0,0,0,0,0,0,0,0,0,0,0,0,0,0,0,0,0,0,0,0,0,0,0,0,0,0,0,0
ASV16726,0,0,0,0,0,0,0,0,0,0,0,0,0,0,0,0,0,0,0,0,0,0,0,0,0,18,0,0,0,0,0,0,0,0,0,0,0,0,0,0,0
ASV16770,0,0,0,0,0,0,0,0,0,0,0,0,0,0,0,0,0,0,0,0,0,0,0,0,0,0,0,0,0,0,0,0,0,0,0,0,0,0,0,1,15
ASV16884,0,0,0,0,0,0,0,0,0,0,0,0,0,0,0,0,0,0,0,0,0,0,0,0,0,0,0,0,0,0,0,0,0,0,0,0,13,3,0,0,0
ASV17213,0,0,0,0,0,14,0,0,0,1,0,0,0,0,0,0,0,0,0,0,0,0,0,0,0,0,0,0,0,0,0,0,0,0,0,0,0,0,0,0,0
ASV17585,0,0,0,0,0,0,0,0,17,0,0,0,0,0,0,0,0,0,0,0,0,0,0,0,0,0,0,0,0,0,0,0,0,0,0,0,0,0,0,0,0
ASV17762,0,0,0,0,0,0,16,0,0,0,0,0,0,0,0,0,0,0,0,0,0,0,0,0,0,0,0,0,0,0,0,0,0,0,0,0,0,0,0,0,0
ASV18662,0,0,0,0,0,0,0,0,0,0,0,0,0,0,13,0,0,0,0,0,0,0,0,0,0,0,0,0,0,0,0,0,0,0,0,0,0,0,0,0,0
ASV18887,0,0,0,16,0,0,0,0,0,0,0,0,0,0,0,0,0,0,0,0,0,0,0,0,0,0,0,0,0,0,0,0,0,0,0,0,0,0,0,0,0
ASV18912,0,0,0,0,0,0,0,0,0,0,0,0,0,0,15,0,0,0,0,0,0,0,0,0,0,0,0,0,0,0,0,0,0,0,0,0,0,0,0,0,0
ASV19837,0,0,0,0,0,0,0,0,0,0,0,0,0,0,0,0,0,0,0,0,0,0,0,0,0,0,0,0,0,0,0,0,0,0,15,0,0,0,0,0,0
ASV20083,0,0,0,0,0,0,0,0,0,0,0,0,0,0,14,0,0,0,0,0,0,0,0,0,0,0,0,0,0,0,0,0,0,0,1,0,0,0,0,0,0
ASV20196,0,0,0,0,0,0,0,0,0,0,0,0,0,0,0,0,0,0,0,0,0,0,0,0,0,0,0,0,1,0,0,0,0,5,0,7,0,0,0,0,0
ASV21025,0,0,0,0,0,15,0,0,0,0,0,0,0,0,0,0,0,0,0,0,0,0,0,0,0,0,0,0,0,0,0,0,0,0,0,0,0,0,0,0,0
ASV21033,0,0,0,0,0,0,0,0,0,0,0,0,0,0,0,0,0,0,0,0,0,0,0,1,12,1,0,1,0,0,0,0,0,0,0,0,0,0,0,0,0
ASV21350,4,1,4,2,0,0,2,0,0,0,0,0,0,0,0,0,0,0,0,0,0,0,0,0,0,0,0,0,0,0,0,0,0,0,0,0,0,0,0,0,0
ASV22216,0,0,0,0,0,0,0,0,0,0,0,0,0,0,0,0,0,0,0,0,0,0,0,0,0,0,0,0,0,0,0,0,0,0,0,0,0,0,14,0,0
ASV22286,0,0,0,0,0,0,0,0,0,0,0,0,0,0,0,0,0,0,0,0,0,0,0,0,0,0,0,0,0,0,0,0,0,0,0,0,0,0,0,0,0
ASV23616,0,0,0,0,0,0,0,0,0,0,0,0,0,0,0,0,0,1,0,0,0,12,0,0,0,0,0,0,0,0,0,0,0,0,0,0,0,0,0,0,0
ASV23893,0,0,0,0,13,0,0,0,0,0,0,0,0,0,0,0,0,0,0,0,0,0,0,0,0,0,0,0,0,0,0,0,0,0,0,0,0,0,0,0,0
ASV23911,0,0,0,0,0,0,0,0,0,0,0,0,0,0,0,0,0,0,0,0,0,0,0,0,0,0,0,0,0,0,0,0,0,13,0,0,0,0,0,0,0
ASV24277,0,0,0,0,0,0,0,0,0,0,0,0,0,0,0,0,0,0,0,0,0,0,0,0,0,0,0,0,0,0,0,0,0,0,0,0,0,0,0,12,0
ASV24711,0,0,0,0,0,0,0,0,0,0,0,0,0,0,0,0,0,0,0,0,0,0,0,0,0,0,0,6,6,0,0,0,0,0,0,0,0,0,0,0,0
ASV24714,0,0,0,0,12,0,0,0,0,0,0,0,0,0,0,0,0,0,0,0,0,0,0,0,0,0,0,0,0,0,0,0,0,0,0,0,0,0,0,0,0
ASV24720,0,0,0,0,0,0,0,0,0,0,0,0,0,10,0,0,0,0,0,0,0,0,0,0,0,0,0,0,0,0,0,0,0,2,0,0,0,0,0,0,0
ASV25066,0,0,0,0,0,0,0,0,0,0,0,0,0,0,0,0,0,0,0,0,0,0,0,0,0,0,11,0,0,0,0,0,0,1,0,0,0,0,0,0,0
ASV25435,1,0,0,0,2,0,0,4,0,0,0,0,0,0,0,0,0,0,0,0,0,0,0,0,0,0,0,0,0,0,4,0,0,0,0,0,0,0,0,0,0
ASV25621,0,0,0,0,0,0,0,0,0,0,0,0,0,11,0,0,0,0,0,0,0,0,0,0,0,0,0,0,0,0,0,0,0,0,0,0,0,0,0,0,0
ASV25805,0,0,0,0,0,0,0,0,0,0,0,0,0,0,0,0,0,0,0,0,0,0,0,0,0,12,0,0,0,0,0,0,0,0,0,0,0,0,0,0,0
ASV25932,0,0,0,0,0,0,0,0,0,0,0,0,0,0,1,0,0,0,0,0,0,0,0,0,0,0,0,0,0,0,0,0,0,0,0,11,0,0,0,0,0
ASV26188,0,0,0,0,0,0,12,0,0,0,0,0,0,0,0,0,0,0,0,0,0,0,0,0,0,0,0,0,0,0,0,0,0,0,0,0,0,0,0,0,0
ASV26442,0,0,0,0,0,0,0,0,0,0,0,0,0,0,0,0,0,1,0,0,0,0,0,0,10,0,0,0,0,0,0,0,0,0,0,0,0,0,0,0,0
ASV27296,0,0,0,0,0,0,0,0,0,0,0,0,0,0,0,0,0,0,0,0,0,0,0,0,0,0,0,0,0,0,0,0,0,0,0,0,0,0,0,0,11
ASV27641,0,0,0,0,0,0,0,0,0,0,0,0,0,0,0,0,0,0,0,0,0,0,0,0,0,0,0,0,0,0,0,0,1,0,0,0,0,0,10,0,0
ASV28619,0,0,0,0,0,0,0,0,0,0,0,0,0,0,0,0,0,0,0,0,0,0,0,0,0,0,1,0,0,0,10,0,0,0,0,0,0,0,0,0,0
