"ASV","T1","T2","T3","T7","T8","T10","T12","T13","T15","T16","T17","T18","T22","T23","T25","T26","T27","T30","T32","T33","T34","S1","S2","S3","S7","S8","S10","S12","S13","S15","S16","S17","S18","S22","S23","S25","S26","S27","S30","S32","S34","Domain","Phylum","Class","Order","Family","Genus","Species"
"ASV165",5,2,1,1,0,0,9,7,4,0,0,5,2,0,2,0,0,0,0,0,0,1,0,9,0,2,0,0,0,11,9,0,1,1,1,1,0,0,4,0,0,"d__Eukaryota","p__Rotifera","c__Eurotatoria","o__Philodinida","f__Habrotrochidae","g__Habrotrocha","s__Habrotrocha constricta"
"ASV262",1,1,1,0,0,0,0,0,0,0,0,0,0,2,0,0,9,0,0,0,0,0,0,1,0,0,0,0,0,1,0,0,0,0,0,0,0,0,0,0,0,"d__Eukaryota","p__Rotifera","c__Eurotatoria","o__Philodinida","f__Philodinidae","g__Embata","s__Embata commensalis"
"ASV275",0,0,0,0,0,0,0,0,0,0,0,0,0,0,0,0,1,0,0,0,0,7,0,0,0,0,1,0,0,0,1,0,0,15,0,0,0,0,2,0,0,"d__Eukaryota","p__Rotifera","c__Eurotatoria","o__Philodinida","f__Philodinidae","g__Rotaria","s__Rotaria rotatoria"
"ASV281",0,0,0,0,0,0,0,0,0,0,0,0,0,15,4,0,0,0,0,0,0,2,0,0,0,0,1,0,0,0,0,0,0,2,0,2,0,0,0,0,0,"d__Eukaryota","p__Rotifera","c__Eurotatoria","o__Philodinida","f__Habrotrochidae","g__Habrotrocha","s__Habrotrocha constricta"
"ASV329",0,0,0,0,0,0,0,0,0,2,0,0,1,7,5,0,0,0,0,0,0,1,1,0,0,0,0,0,0,0,0,0,0,0,0,0,0,0,0,0,0,"d__Eukaryota","p__Rotifera","c__Eurotatoria","o__Philodinida","f__Philodinidae","g__Rotaria","s__Rotaria rotatoria"
"ASV339",0,2,0,0,3,0,0,2,0,0,2,8,7,0,0,0,0,0,0,0,0,0,0,0,0,0,0,0,0,0,0,0,0,0,0,0,0,0,0,0,0,"d__Eukaryota","p__Rotifera","c__Eurotatoria","o__Philodinida","f__Philodinidae","g__Rotaria","s__Rotaria magnacalcarata"
"ASV352",0,0,0,0,0,0,0,0,0,0,0,0,0,0,2,0,0,0,0,0,0,0,0,0,1,0,0,0,1,0,0,0,0,0,1,2,0,0,0,0,0,"d__Eukaryota","p__Rotifera","c__Eurotatoria","o__Philodinida","f__Philodinidae","g__Anomopus","s__Anomopus telphusae"
"ASV394",0,0,0,0,0,0,0,0,0,0,0,0,0,2,0,0,0,0,0,0,0,0,0,0,1,0,0,0,0,0,0,0,0,4,0,4,0,0,0,0,0,"d__Eukaryota","p__Rotifera","c__Eurotatoria","o__Philodinida","f__Philodinidae","g__Rotaria","s__Rotaria rotatoria"
"ASV408",0,0,0,0,0,0,0,0,0,0,1,0,0,0,0,0,0,2,0,0,0,0,0,3,0,13,0,0,0,0,0,0,0,0,0,0,0,0,0,6,0,"d__Eukaryota","p__Rotifera","c__Eurotatoria","o__Philodinida","f__Philodinidae","g__Rotaria","s__Rotaria rotatoria"
"ASV495",0,0,0,0,0,0,0,0,0,4,1,2,0,0,0,2,0,0,0,0,1,0,14,0,0,0,0,0,0,2,0,0,9,0,0,0,0,0,0,0,0,"d__Eukaryota","p__Rotifera","c__Eurotatoria","o__Philodinida","f__Philodinidae","g__Rotaria","s__Rotaria rotatoria"
"ASV521",0,0,0,4,0,0,0,0,0,0,0,0,0,0,0,2,6,14,0,0,0,1,0,0,0,0,0,0,0,0,0,0,0,0,0,0,0,0,0,0,0,"d__Eukaryota","p__Rotifera","c__Eurotatoria","o__Philodinida","f__Habrotrochidae","g__Habrotrocha","s__Habrotrocha ligula"
"ASV537",1,1,0,0,0,0,0,1,5,0,0,7,0,0,0,0,2,0,0,0,0,0,0,0,0,0,2,0,0,0,0,21,0,0,0,0,0,0,0,0,0,"d__Eukaryota","p__Rotifera","c__Eurotatoria","o__Philodinida","f__Habrotrochidae","g__Habrotrocha","s__Habrotrocha constricta"
"ASV540",0,0,0,0,0,0,0,0,0,1,6,0,0,0,2,0,0,0,0,0,0,0,0,0,0,0,0,0,0,0,0,0,4,0,12,0,0,0,0,0,0,"d__Eukaryota","p__Rotifera","c__Eurotatoria","o__Philodinida","f__Philodinidae","g__Anomopus","s__Anomopus telphusae"
"ASV557",0,2,0,0,0,0,0,1,0,1,1,3,6,0,0,0,0,1,0,0,0,0,0,0,0,0,0,0,0,0,0,0,0,0,0,0,0,0,0,0,0,"d__Eukaryota","p__Rotifera","c__Eurotatoria","o__Philodinida","f__Habrotrochidae","g__Habrotrocha","s__Habrotrocha constricta"
"ASV575",0,0,0,0,0,0,0,5,0,0,0,0,0,0,0,0,0,0,0,0,0,0,1,0,6,1,8,15,19,0,0,1,6,0,0,0,0,0,0,0,0,"d__Eukaryota","p__Rotifera","c__Eurotatoria","o__Philodinida","f__Habrotrochidae","g__Habrotrocha","s__Habrotrocha constricta"
"ASV613",0,0,0,0,0,0,0,0,0,0,0,0,0,0,0,7,0,0,7,7,9,0,0,1,0,0,0,0,0,0,0,0,0,0,0,0,0,0,0,0,0,"d__Eukaryota","p__Rotifera","c__Eurotatoria","o__Ploima","f__Flosculariidae","g__Floscularia","s__Floscularia melicerta"
"ASV823",2,0,0,0,1,0,0,1,0,2,0,0,0,0,2,2,0,0,0,0,0,0,0,6,0,0,0,8,3,2,0,1,2,0,1,0,0,0,0,0,0,"d__Eukaryota","p__Rotifera","c__Eurotatoria","o__Philodinida","f__Philodinidae","g__Anomopus","s__Anomopus telphusae"
"ASV962",0,0,0,0,0,0,0,0,0,0,0,0,0,0,0,0,0,0,0,0,0,1,0,0,0,0,0,0,0,0,0,0,0,0,0,0,0,0,0,0,0,"d__Eukaryota","p__Rotifera","c__Eurotatoria","o__Philodinida","f__Philodinidae","g__Rotaria","s__Rotaria rotatoria"
"ASV967",0,0,0,0,0,1,0,0,0,4,0,0,1,0,0,0,0,0,0,0,0,0,0,0,0,0,0,0,0,0,2,0,0,2,0,0,0,0,14,0,0,"d__Eukaryota","p__Rotifera","c__Eurotatoria","o__Philodinida","f__Habrotrochidae","g__Habrotrocha","s__Habrotrocha constricta"
"ASV977",0,0,0,0,0,0,0,0,0,0,0,0,0,0,0,0,2,0,0,7,6,1,0,1,0,0,0,0,0,0,0,0,0,0,0,0,0,0,0,0,0,"d__Eukaryota","p__Rotifera","c__Eurotatoria","o__Philodinida","f__Habrotrochidae","g__Habrotrocha","s__Habrotrocha constricta"
"ASV1017",0,0,0,0,0,0,2,0,0,0,0,0,0,0,0,0,0,0,0,1,0,0,0,0,0,0,0,0,0,0,0,0,0,0,0,0,0,0,0,13,0,"d__Eukaryota","p__Rotifera","c__Eurotatoria","o__Philodinida","f__Philodinidae","g__Rotaria","s__Rotaria rotatoria"
"ASV1090",0,0,0,0,0,0,0,4,0,0,0,0,0,0,0,0,0,0,0,0,0,0,0,0,0,0,0,0,0,4,0,2,0,0,0,0,12,15,1,0,0,"d__Eukaryota","p__Rotifera","c__Eurotatoria","o__Philodinida","f__Philodinidae","g__Rotaria","s__Rotaria rotatoria"
"ASV1240",0,1,0,0,0,0,0,0,0,0,1,1,0,0,0,0,0,0,0,0,0,0,0,0,0,0,0,0,0,0,0,0,0,0,0,0,0,0,0,0,0,"d__Eukaryota","p__Rotifera","c__Eurotatoria","o__Philodinida","f__Habrotrochidae","g__Habrotrocha","s__Habrotrocha constricta"
"ASV1284",0,0,0,0,0,2,0,0,0,0,0,0,0,0,0,0,0,0,4,2,1,0,0,1,0,0,0,0,0,0,2,0,0,0,0,0,0,0,0,0,3,"d__Eukaryota","p__Rotifera","c__Eurotatoria","o__Philodinida","f__Philodinidae","g__Anomopus","s__Anomopus telphusae"
"ASV1353",0,2,0,0,10,0,0,0,0,0,0,0,0,0,0,0,0,0,0,0,0,0,0,0,0,0,0,0,0,0,0,0,0,0,0,0,0,0,0,0,0,"d__Eukaryota","p__Rotifera","c__Eurotatoria","o__Ploima","f__Lecanidae","g__Lecane","s__Lecane nana"
"ASV1397",0,0,0,0,0,0,0,0,0,0,0,0,0,0,0,1,1,0,3,0,2,1,0,1,0,0,0,0,0,0,0,0,0,0,0,0,0,0,0,0,4,"d__Eukaryota","p__Rotifera","c__Eurotatoria","o__Philodinida","f__Philodinidae","g__Anomopus","s__Anomopus telphusae"
"ASV1440",0,0,0,0,0,0,0,0,0,0,0,0,0,0,0,1,0,0,8,1,0,0,0,0,0,0,0,0,0,0,0,0,0,0,0,0,0,0,0,0,0,"d__Eukaryota","p__Rotifera","c__Eurotatoria","o__Philodinida","f__Philodinidae","g__Rotaria","s__Rotaria rotatoria"
"ASV1547",0,0,0,0,0,0,0,0,0,0,0,0,0,0,1,2,0,0,5,1,2,4,0,0,0,0,0,0,0,0,0,0,0,0,0,0,0,0,0,0,1,"d__Eukaryota","p__Rotifera","c__Eurotatoria","o__Philodinida","f__Philodinidae","g__Rotaria","s__Rotaria rotatoria"
"ASV1588",0,0,0,0,0,0,0,0,3,0,0,0,0,0,0,0,0,0,0,0,0,0,0,0,0,0,0,0,0,0,0,0,0,0,0,0,0,0,0,0,0,"d__Eukaryota","p__Rotifera","c__Eurotatoria","o__Philodinida","f__Philodinidae","g__Rotaria","s__Rotaria rotatoria"
"ASV1614",0,0,0,16,0,0,0,0,0,0,0,0,0,0,0,0,0,0,0,0,0,0,0,0,0,0,0,0,0,0,0,0,7,0,0,0,0,0,0,0,0,"d__Eukaryota","p__Rotifera","c__Eurotatoria","o__Philodinida","f__Philodinidae","g__Rotaria","s__Rotaria rotatoria"
"ASV1679",0,0,0,0,0,0,0,0,0,0,0,0,0,0,0,0,0,0,0,0,0,2,0,0,0,0,0,0,0,0,0,0,0,0,0,0,0,0,0,0,0,"d__Eukaryota","p__Rotifera","c__Eurotatoria","o__Philodinida","f__Philodinidae","g__Anomopus","s__Anomopus telphusae"
"ASV1925",0,0,0,1,0,0,0,2,0,0,0,0,0,0,0,0,0,0,0,0,0,0,1,0,0,1,0,0,0,1,0,0,0,0,0,0,0,0,0,0,0,"d__Eukaryota","p__Rotifera","c__Eurotatoria","o__Philodinida","f__Philodinidae","g__Philodina","s__Philodina sp. cmbb21"
"ASV1956",0,0,0,0,0,0,0,0,0,0,0,0,0,0,3,0,0,0,0,0,0,0,0,0,0,0,0,0,0,0,0,0,0,1,0,6,0,0,0,0,0,"d__Eukaryota","p__Rotifera","c__Eurotatoria","o__Philodinida","f__Philodinidae","g__Philodina","s__Philodina sp. cmbb21"
"ASV1989",0,0,0,0,0,7,0,0,0,1,0,0,0,0,0,0,0,0,0,0,0,0,0,0,0,0,0,0,0,0,0,0,0,0,0,0,0,0,0,0,0,"d__Eukaryota","p__Rotifera","c__Eurotatoria","o__Philodinida","f__Philodinidae","g__Philodina","s__Philodina citrina"
"ASV2000",0,0,0,0,0,0,0,0,0,0,0,0,0,0,0,0,0,0,0,0,0,0,0,0,0,0,0,0,0,4,0,0,0,0,0,0,8,9,0,0,0,"d__Eukaryota","p__Rotifera","c__Eurotatoria","o__Ploima","f__Lecanidae","g__Lecane","s__Lecane monostyla"
"ASV2219",0,0,0,0,0,0,0,0,0,0,1,0,0,0,0,0,0,0,0,0,0,0,0,0,0,0,0,0,0,0,0,0,0,0,0,5,0,0,0,0,0,"d__Eukaryota","p__Rotifera","c__Eurotatoria","o__Philodinida","f__Philodinidae","g__Rotaria","s__Rotaria rotatoria"
"ASV2268",0,0,0,0,0,0,0,0,0,0,0,0,7,1,0,0,0,0,0,0,0,0,0,0,0,0,0,0,0,0,0,0,0,0,0,0,0,0,0,0,0,"d__Eukaryota","p__Rotifera","c__Eurotatoria","o__Philodinida","f__Habrotrochidae","g__Habrotrocha","s__Habrotrocha constricta"
"ASV2279",8,6,13,0,0,0,0,0,0,0,0,0,0,0,0,0,0,0,0,0,0,0,0,0,0,0,0,0,0,0,0,0,0,0,0,0,0,0,0,0,0,"d__Eukaryota","p__Rotifera","c__Eurotatoria","o__Philodinida","f__Philodinidae","g__Anomopus","s__Anomopus telphusae"
"ASV2314",0,0,1,0,0,0,0,0,0,0,0,0,2,0,0,0,0,0,0,0,2,0,0,0,0,0,0,0,0,0,0,0,0,0,0,0,0,0,0,0,0,"d__Eukaryota","p__Rotifera","c__Eurotatoria","o__Ploima","f__Brachionidae","g__Kellicottia","s__Kellicottia bostoniensis"
"ASV2592",0,0,0,0,0,6,0,0,0,0,0,0,0,0,0,0,0,0,0,0,0,0,0,0,0,0,0,0,0,0,0,0,0,0,0,0,0,0,0,0,0,"d__Eukaryota","p__Rotifera","c__Eurotatoria","o__Philodinida","f__Philodinidae","g__Rotaria","s__Rotaria rotatoria"
"ASV2730",0,0,0,0,0,0,0,0,0,0,0,0,0,0,0,0,0,0,0,0,0,0,1,0,6,0,0,0,0,0,0,0,0,0,0,0,0,0,0,0,0,"d__Eukaryota","p__Rotifera","c__Eurotatoria","o__Philodinida","f__Habrotrochidae","g__Habrotrocha","s__Habrotrocha constricta"
"ASV2993",0,0,0,0,0,0,0,0,0,0,6,0,0,0,0,0,0,0,0,0,0,0,0,0,0,0,0,0,0,0,0,0,0,0,0,0,0,0,0,0,0,"d__Eukaryota","p__Rotifera","c__Eurotatoria","o__Philodinida","f__Philodinidae","g__Rotaria","s__Rotaria rotatoria"
"ASV3057",0,0,0,0,0,0,0,0,0,0,0,0,0,0,0,0,0,0,0,0,3,0,2,0,0,0,0,0,0,0,0,0,0,1,0,0,0,0,0,2,0,"d__Eukaryota","p__Rotifera","c__Eurotatoria","o__Ploima","f__Mytilinidae","g__Mytilina","s__Mytilina trigona"
"ASV3124",0,0,0,0,0,0,0,0,0,0,0,0,0,0,0,0,0,0,0,0,0,0,0,0,0,0,0,0,1,1,0,0,0,0,0,0,5,1,1,0,0,"d__Eukaryota","p__Rotifera","c__Eurotatoria","o__Philodinida","f__Philodinidae","g__Rotaria","s__Rotaria rotatoria"
"ASV3132",0,0,0,0,0,0,0,0,0,0,0,0,0,0,1,0,0,1,0,0,0,0,0,0,0,0,0,0,0,0,0,0,0,0,0,0,0,0,0,0,0,"d__Eukaryota","p__Rotifera","c__Eurotatoria","o__Philodinida","f__Philodinidae","g__Rotaria","s__Rotaria rotatoria"
"ASV3156",0,0,0,0,0,1,2,0,0,0,0,0,0,0,0,0,0,0,0,0,0,0,0,0,0,0,0,0,0,0,0,0,0,0,0,0,0,0,0,0,0,"d__Eukaryota","p__Rotifera","c__Eurotatoria","o__Philodinida","f__Philodinidae","g__Anomopus","s__Anomopus telphusae"
"ASV3257",0,0,0,0,0,0,0,0,0,0,2,0,0,0,0,0,0,0,0,0,0,0,0,0,0,0,0,0,0,0,0,0,0,0,0,0,0,0,0,0,0,"d__Eukaryota","p__Rotifera","c__Eurotatoria","o__Philodinida","f__Habrotrochidae","g__Habrotrocha","s__Habrotrocha constricta"
"ASV3286",0,0,0,0,0,0,0,0,0,0,0,0,0,0,1,0,0,0,0,0,0,0,0,0,0,0,0,0,0,0,0,0,0,0,0,0,0,0,0,0,0,"d__Eukaryota","p__Rotifera","c__Eurotatoria","o__Philodinida","f__Philodinidae","g__Rotaria","s__Rotaria rotatoria"
"ASV3291",0,0,1,0,0,0,0,0,0,1,0,0,2,0,0,0,0,0,0,0,0,0,0,0,0,0,0,0,0,0,0,0,0,0,0,0,0,0,0,0,0,"d__Eukaryota","p__Rotifera","c__Eurotatoria","o__Ploima","f__Proalidae","g__Bryceella","s__Bryceella stylata"
"ASV3470",0,0,0,0,0,0,0,0,9,0,0,1,0,0,0,0,0,0,0,0,0,0,0,0,0,0,0,0,0,0,0,0,0,0,0,0,0,0,0,0,0,"d__Eukaryota","p__Rotifera","c__Eurotatoria","o__Philodinida","f__Philodinidae","g__Rotaria","s__Rotaria rotatoria"
"ASV3595",0,0,0,0,0,0,2,0,0,0,0,0,0,0,0,0,0,0,0,0,0,0,0,0,0,4,0,1,2,0,0,0,0,0,0,0,0,0,0,0,0,"d__Eukaryota","p__Rotifera","c__Eurotatoria","o__Philodinida","f__Philodinidae","g__Rotaria","s__Rotaria rotatoria"
"ASV3610",0,0,0,0,0,0,0,1,0,0,0,0,0,0,0,0,0,0,0,0,0,0,0,0,0,0,0,0,0,0,1,0,0,0,0,0,0,0,0,0,0,"d__Eukaryota","p__Rotifera","c__Eurotatoria","o__Philodinida","f__Philodinidae","g__Rotaria","s__Rotaria rotatoria"
"ASV3643",0,0,0,0,0,0,0,0,0,0,0,0,0,0,0,1,0,0,0,0,0,0,0,6,0,0,0,0,0,0,0,0,0,0,0,0,0,0,0,0,0,"d__Eukaryota","p__Rotifera","c__Eurotatoria","o__Ploima","f__Dicranophoridae","g__Encentrum","s__Encentrum astridae"
"ASV3654",4,3,3,0,1,0,0,0,1,0,0,0,0,0,0,0,0,0,0,0,0,0,0,0,0,0,0,0,0,0,0,0,0,0,0,0,0,0,0,0,0,"d__Eukaryota","p__Rotifera","c__Eurotatoria","o__Philodinida","f__Philodinidae","g__Anomopus","s__Anomopus telphusae"
"ASV3722",0,0,0,0,0,0,0,0,0,0,0,0,0,0,0,0,0,0,0,3,0,0,0,0,0,0,0,0,0,0,0,0,0,0,0,0,0,0,0,0,0,"d__Eukaryota","p__Rotifera","c__Eurotatoria","o__Philodinida","f__Philodinidae","g__Rotaria","s__Rotaria rotatoria"
"ASV3752",0,0,0,0,0,0,1,0,0,0,0,0,0,0,0,0,0,0,0,0,0,0,0,0,0,0,0,0,0,0,0,0,0,0,0,0,0,0,0,0,0,"d__Eukaryota","p__Rotifera","c__Eurotatoria","o__Philodinida","f__Philodinidae","g__Rotaria","s__Rotaria rotatoria"
"ASV3757",0,0,0,0,0,0,0,0,0,0,0,0,0,1,3,0,0,0,0,0,0,0,0,0,0,0,0,0,0,0,0,0,0,0,2,0,0,0,0,0,0,"d__Eukaryota","p__Rotifera","c__Eurotatoria","o__Philodinida","f__Philodinidae","g__Philodina","s__Philodina citrina"
"ASV3876",0,0,0,0,0,0,0,0,0,0,0,1,0,0,0,0,0,0,0,0,0,0,0,0,0,0,0,0,0,0,0,0,0,0,0,0,0,0,0,0,0,"d__Eukaryota","p__Rotifera","c__Eurotatoria","o__Ploima","f__Lecanidae","g__Lecane","s__Lecane ungulata"
"ASV3887",0,0,0,0,0,0,0,0,0,0,0,0,0,0,0,0,0,0,0,0,0,0,0,0,0,0,0,0,2,1,0,0,0,0,0,0,0,0,0,0,0,"d__Eukaryota","p__Rotifera","c__Eurotatoria","o__Philodinida","f__Habrotrochidae","g__Habrotrocha","s__Habrotrocha constricta"
"ASV3915",0,0,0,0,0,0,0,0,0,0,0,0,0,0,0,0,0,0,0,0,0,0,0,0,6,0,0,0,0,0,0,0,0,0,0,0,0,0,0,0,0,"d__Eukaryota","p__Rotifera","c__Eurotatoria","o__Philodinida","f__Philodinidae","g__Philodina","s__Philodina citrina"
"ASV4082",0,0,0,0,0,0,0,0,0,0,0,0,0,0,0,0,3,0,0,2,0,0,0,0,0,0,0,0,0,0,0,0,0,0,0,0,0,0,0,0,0,"d__Eukaryota","p__Rotifera","c__Eurotatoria","o__Ploima","f__Brachionidae","g__Brachionus","s__Brachionus urceolaris"
"ASV4263",0,0,0,0,0,0,0,0,0,0,0,0,0,0,0,0,0,0,0,0,0,0,0,0,0,0,0,0,0,0,0,0,0,0,2,0,0,0,0,0,0,"d__Eukaryota","p__Rotifera","c__Eurotatoria","o__Philodinida","f__Philodinidae","g__Anomopus","s__Anomopus telphusae"
"ASV4403",0,0,0,0,0,0,0,0,0,0,0,0,0,0,0,0,0,1,0,0,0,0,0,0,0,0,0,0,0,0,0,0,0,0,0,0,0,0,0,0,0,"d__Eukaryota","p__Rotifera","c__Eurotatoria","o__Philodinida","f__Philodinidae","g__Rotaria","s__Rotaria rotatoria"
"ASV4572",0,0,0,0,0,0,0,0,0,0,0,0,0,0,0,0,0,0,0,0,0,2,0,0,1,0,0,0,0,0,0,0,0,0,0,0,0,0,0,0,0,"d__Eukaryota","p__Rotifera","c__Eurotatoria","o__Ploima","f__Lecanidae","g__Lecane","s__Lecane nana"
"ASV4614",0,0,0,0,0,0,0,0,0,0,0,0,0,0,0,0,0,0,0,0,0,0,0,0,0,0,0,0,0,0,0,0,0,0,0,2,0,0,0,0,0,"d__Eukaryota","p__Rotifera","c__Eurotatoria","o__Philodinida","f__Philodinidae","g__Anomopus","s__Anomopus telphusae"
"ASV4650",0,1,0,0,0,0,0,0,0,0,0,0,0,0,0,0,0,0,0,0,0,0,0,0,0,0,0,0,0,0,0,0,0,0,0,0,0,0,0,0,0,"d__Eukaryota","p__Rotifera","c__Eurotatoria","o__Ploima","f__Lecanidae","g__Lecane","s__Lecane nana"
"ASV4840",0,0,0,0,0,0,0,0,0,0,2,1,0,0,0,0,0,0,0,0,0,0,0,0,0,0,0,0,0,0,0,0,0,0,0,0,0,0,0,0,0,"d__Eukaryota","p__Rotifera","c__Eurotatoria","o__Philodinida","f__Philodinidae","g__Rotaria","s__Rotaria rotatoria"
"ASV4867",0,0,0,0,0,0,0,0,0,0,0,0,0,0,0,0,0,0,0,0,0,0,0,0,0,0,0,0,0,0,0,0,0,0,0,0,0,0,0,0,5,"d__Eukaryota","p__Rotifera","c__Eurotatoria","o__Philodinida","f__Habrotrochidae","g__Habrotrocha","s__Habrotrocha constricta"
"ASV4981",0,0,0,0,0,0,3,0,0,0,0,0,1,0,0,1,0,0,0,0,0,0,0,0,0,0,0,0,0,0,0,0,0,0,0,0,0,0,0,0,0,"d__Eukaryota","p__Rotifera","c__Eurotatoria","o__Philodinida","f__Philodinidae","g__Anomopus","s__Anomopus telphusae"
"ASV4986",0,0,0,0,0,0,0,0,0,3,0,0,0,0,0,0,0,0,0,0,0,0,0,0,0,0,0,0,0,0,0,0,0,0,0,0,0,0,0,0,0,"d__Eukaryota","p__Rotifera","c__Eurotatoria","o__Philodinida","f__Habrotrochidae","g__Habrotrocha","s__Habrotrocha constricta"
"ASV5077",0,0,0,0,0,0,4,0,0,0,0,0,0,0,0,0,0,0,0,0,0,0,0,0,0,0,0,0,0,0,0,0,0,0,0,0,0,0,0,0,0,"d__Eukaryota","p__Rotifera","c__Eurotatoria","o__Philodinida","f__Habrotrochidae","g__Habrotrocha","s__Habrotrocha constricta"
"ASV5231",0,0,0,0,0,0,0,0,0,0,0,0,0,0,0,0,0,0,0,0,0,0,0,0,0,2,0,0,0,0,0,0,0,0,0,0,0,0,0,0,0,"d__Eukaryota","p__Rotifera","c__Eurotatoria","o__Philodinida","f__Philodinidae","g__Rotaria","s__Rotaria rotatoria"
"ASV5244",1,1,0,0,0,0,0,0,0,0,0,0,0,0,0,0,0,0,0,0,0,0,0,0,0,0,0,0,0,0,0,0,0,0,0,0,0,0,0,0,0,"d__Eukaryota","p__Rotifera","c__Eurotatoria","o__Philodinida","f__Philodinidae","g__Rotaria","s__Rotaria rotatoria"
"ASV5314",0,0,0,0,0,0,0,0,0,0,0,0,0,0,0,0,0,0,0,0,0,0,0,0,0,0,0,0,0,0,0,2,0,0,2,0,0,0,0,0,0,"d__Eukaryota","p__Rotifera","c__Eurotatoria","o__Ploima","f__Brachionidae","g__Brachionus","s__Brachionus urceolaris"
"ASV5350",3,4,4,0,0,0,0,0,0,0,0,0,0,0,0,0,0,0,0,0,0,0,0,0,0,0,0,0,0,0,0,0,0,0,0,0,0,0,0,0,0,"d__Eukaryota","p__Rotifera","c__Eurotatoria","o__Ploima","f__Proalidae","g__Bryceella","s__Bryceella stylata"
"ASV5635",0,0,0,0,0,0,0,0,0,0,0,0,0,0,0,0,0,0,0,0,0,0,0,0,0,0,0,0,0,0,0,0,0,0,4,0,0,0,0,0,0,"d__Eukaryota","p__Rotifera","c__Eurotatoria","o__Philodinida","f__Philodinidae","g__Anomopus","s__Anomopus telphusae"
"ASV5636",0,0,0,0,0,0,0,0,0,0,0,0,0,0,0,4,0,0,0,0,0,0,0,0,0,0,0,0,0,0,0,0,0,0,0,0,0,0,0,0,4,"d__Eukaryota","p__Rotifera","c__Eurotatoria","o__Philodinida","f__Habrotrochidae","g__Habrotrocha","s__Habrotrocha constricta"
"ASV5804",0,0,0,0,0,0,0,0,0,0,0,0,0,0,0,0,0,0,0,0,0,0,0,0,0,0,0,0,0,0,0,0,0,0,0,0,0,0,0,5,0,"d__Eukaryota","p__Rotifera","c__Eurotatoria","o__Philodinida","f__Philodinidae","g__Rotaria","s__Rotaria rotatoria"
"ASV6047",0,0,0,0,3,0,0,0,0,0,1,0,0,0,0,0,0,0,0,0,0,0,0,0,0,0,0,0,0,0,0,0,0,0,0,0,0,0,0,0,0,"d__Eukaryota","p__Rotifera","c__Eurotatoria","o__Philodinida","f__Philodinidae","g__Rotaria","s__Rotaria rotatoria"
"ASV6070",0,0,0,0,0,0,0,0,0,0,0,0,0,0,0,0,0,0,1,0,0,0,0,0,0,0,0,0,0,0,0,0,0,0,0,0,0,0,0,0,0,"d__Eukaryota","p__Rotifera","c__Eurotatoria","o__Philodinida","f__Philodinidae","g__Rotaria","s__Rotaria rotatoria"
"ASV6233",0,0,0,0,0,0,0,0,0,0,0,0,0,1,0,0,0,0,0,0,0,0,0,0,0,0,0,0,0,0,0,0,0,0,0,0,0,0,0,0,0,"d__Eukaryota","p__Rotifera","c__Eurotatoria","o__Philodinida","f__Philodinidae","g__Rotaria","s__Rotaria rotatoria"
"ASV6248",0,0,0,0,0,3,0,0,0,0,0,0,0,0,0,0,0,0,0,0,0,0,0,0,0,0,0,0,0,0,0,0,0,0,0,0,0,0,0,0,0,"d__Eukaryota","p__Rotifera","c__Eurotatoria","o__Philodinida","f__Philodinidae","g__Rotaria","s__Rotaria rotatoria"
"ASV6368",0,0,0,0,0,0,0,0,0,0,0,0,0,0,0,0,0,2,0,0,0,0,0,0,0,0,0,0,0,0,0,0,0,0,0,0,0,0,0,0,0,"d__Eukaryota","p__Rotifera","c__Eurotatoria","o__Philodinida","f__Philodinidae","g__Anomopus","s__Anomopus telphusae"
"ASV6405",0,0,1,0,0,0,0,0,0,0,0,0,0,0,0,0,0,0,0,0,0,0,0,0,0,0,0,0,0,0,0,0,0,0,0,0,0,0,0,0,0,"d__Eukaryota","p__Rotifera","c__Eurotatoria","o__Philodinida","f__Philodinidae","g__Anomopus","s__Anomopus telphusae"
"ASV6579",0,0,0,0,0,0,0,0,0,0,0,0,0,0,0,0,0,4,0,0,0,0,0,0,0,0,0,0,0,0,0,0,0,0,0,0,0,0,0,0,0,"d__Eukaryota","p__Rotifera","c__Eurotatoria","o__Philodinida","f__Philodinidae","g__Rotaria","s__Rotaria rotatoria"
"ASV6619",0,0,0,0,0,0,0,0,1,0,0,0,0,0,0,0,0,1,0,0,0,0,0,0,0,0,0,0,0,0,0,1,0,0,0,0,0,0,0,0,0,"d__Eukaryota","p__Rotifera","c__Eurotatoria","o__Philodinida","f__Philodinidae","g__Rotaria","s__Rotaria rotatoria"
"ASV7000",0,0,0,0,0,0,0,0,0,0,0,0,0,0,0,1,5,0,0,1,0,0,0,0,0,0,0,0,0,0,0,0,0,0,0,0,0,0,0,0,0,"d__Eukaryota","p__Rotifera","c__Eurotatoria","o__Ploima","f__Proalidae","g__Bryceella","s__Bryceella stylata"
"ASV7085",0,0,0,0,0,0,0,0,0,0,2,0,0,0,0,0,0,0,0,0,0,0,0,0,0,0,0,0,0,0,0,0,0,0,0,0,0,0,0,0,0,"d__Eukaryota","p__Rotifera","c__Eurotatoria","o__Ploima","f__Lepadellidae","g__Lepadella","s__Lepadella triptera"
"ASV7463",0,0,0,0,0,0,0,0,0,0,0,0,0,0,0,0,0,0,0,0,0,0,0,0,0,0,2,0,0,0,13,0,0,0,0,0,0,0,0,0,0,"d__Eukaryota","p__Rotifera","c__Eurotatoria","o__Ploima","f__Mytilinidae","g__Mytilina","s__Mytilina trigona"
"ASV7840",0,0,0,0,0,2,0,0,0,0,0,0,0,0,0,0,0,0,0,0,0,0,0,0,0,0,0,0,0,0,0,0,0,0,0,0,0,0,0,0,0,"d__Eukaryota","p__Rotifera","c__Eurotatoria","o__Philodinida","f__Habrotrochidae","g__Habrotrocha","s__Habrotrocha constricta"
"ASV7858",0,0,0,0,0,0,0,0,0,0,0,0,0,0,0,0,0,0,0,0,0,1,0,0,0,0,0,0,0,0,0,0,0,0,0,0,0,0,0,0,0,"d__Eukaryota","p__Rotifera","c__Eurotatoria","o__Philodinida","f__Philodinidae","g__Anomopus","s__Anomopus telphusae"
"ASV7914",0,0,0,0,0,0,0,0,0,2,0,0,0,0,0,0,0,0,0,0,0,0,0,0,0,0,0,0,0,0,0,0,0,0,0,0,0,0,0,0,0,"d__Eukaryota","p__Rotifera","c__Eurotatoria","o__Adinetida","f__Adinetidae","g__Adineta","s__Adineta gracilis"
"ASV7973",0,0,0,0,0,0,0,0,0,0,0,0,0,0,0,0,0,0,0,0,0,0,0,0,3,0,0,0,0,0,0,0,0,0,0,0,0,0,0,0,0,"d__Eukaryota","p__Rotifera","c__Eurotatoria","o__Philodinida","f__Habrotrochidae","g__Habrotrocha","s__Habrotrocha constricta"
"ASV8088",0,0,0,0,0,0,0,0,0,0,0,0,0,0,0,0,0,0,0,0,0,0,0,0,0,0,0,0,0,0,0,0,0,0,0,2,0,0,0,0,0,"d__Eukaryota","p__Rotifera","c__Eurotatoria","o__Philodinida","f__Philodinidae","g__Philodina","s__Philodina sp. cmbb21"
"ASV8100",0,0,0,1,0,0,0,0,0,0,0,0,0,0,0,0,0,0,0,0,0,0,0,0,0,0,0,0,0,0,0,0,0,0,0,0,0,0,0,0,0,"d__Eukaryota","p__Rotifera","c__Eurotatoria","o__Ploima","f__Lepadellidae","g__Colurella","s__Colurella obtusa"
"ASV8394",0,0,0,0,0,0,0,0,0,0,0,0,0,0,0,0,0,0,0,0,0,0,0,0,0,0,0,0,0,0,0,1,0,0,1,0,0,0,0,0,0,"d__Eukaryota","p__Rotifera","c__Eurotatoria","o__Philodinida","f__Philodinidae","g__Rotaria","s__Rotaria rotatoria"
"ASV8726",0,0,0,0,0,0,0,0,0,0,0,0,0,0,0,0,0,0,0,1,2,0,0,0,0,0,0,0,0,0,0,0,0,0,0,0,0,0,0,0,0,"d__Eukaryota","p__Rotifera","c__Eurotatoria","o__Philodinida","f__Philodinidae","g__Rotaria","s__Rotaria rotatoria"
"ASV8764",0,0,0,0,0,0,1,0,0,0,0,0,0,0,0,0,0,0,0,0,0,0,0,0,0,0,0,0,0,0,0,0,0,0,0,0,0,0,0,0,0,"d__Eukaryota","p__Rotifera","c__Eurotatoria","o__Philodinida","f__Philodinidae","g__Rotaria","s__Rotaria rotatoria"
"ASV8805",0,0,0,0,0,0,0,0,0,0,0,0,0,0,0,1,0,0,0,0,0,0,0,0,0,0,0,0,0,0,0,0,0,0,0,0,0,0,0,0,0,"d__Eukaryota","p__Rotifera","c__Eurotatoria","o__Ploima","f__Brachionidae","g__Brachionus","s__Brachionus quadridentatus"
"ASV8946",0,0,0,0,0,0,0,0,0,0,3,0,0,0,0,0,0,0,0,0,0,0,0,0,0,0,0,0,0,0,0,0,0,0,0,0,0,0,0,0,0,"d__Eukaryota","p__Rotifera","c__Eurotatoria","o__Philodinida","f__Philodinidae","g__Rotaria","s__Rotaria rotatoria"
"ASV8960",0,0,0,0,0,2,0,0,0,0,0,0,0,0,0,0,0,0,0,0,0,0,0,0,0,0,0,0,0,0,0,0,0,0,0,0,0,0,0,0,0,"d__Eukaryota","p__Rotifera","c__Eurotatoria","o__Philodinida","f__Habrotrochidae","g__Habrotrocha","s__Habrotrocha constricta"
"ASV9162",0,0,0,0,1,0,0,0,0,0,0,0,0,0,0,0,0,0,0,0,0,0,0,0,0,0,0,0,0,0,0,0,0,0,0,0,0,0,0,0,0,"d__Eukaryota","p__Rotifera","c__Eurotatoria","o__Philodinida","f__Philodinidae","g__Philodina","s__Philodina sp. cmbb21"
"ASV9177",0,0,0,0,0,0,0,0,0,0,0,0,0,0,0,0,0,0,0,0,0,0,0,0,0,0,0,0,0,0,0,0,0,0,2,0,0,0,0,0,0,"d__Eukaryota","p__Rotifera","c__Eurotatoria","o__Ploima","f__Proalidae","g__Bryceella","s__Bryceella stylata"
"ASV9211",0,0,0,0,0,0,0,0,0,4,0,0,0,0,0,2,0,0,0,0,0,0,0,0,0,0,0,0,0,0,0,0,0,0,0,0,0,0,0,0,0,"d__Eukaryota","p__Rotifera","c__Eurotatoria","o__Ploima","f__Proalidae","g__Bryceella","s__Bryceella stylata"
"ASV9454",0,0,0,0,0,0,0,0,0,0,0,0,0,0,0,0,0,0,0,0,0,0,0,0,0,1,0,0,0,0,0,0,0,0,0,0,0,0,0,0,0,"d__Eukaryota","p__Rotifera","c__Eurotatoria","o__Philodinida","f__Philodinidae","g__Rotaria","s__Rotaria rotatoria"
"ASV9609",0,0,0,0,0,0,0,0,0,0,0,0,0,0,0,0,0,0,0,1,0,0,0,0,0,0,0,0,0,0,0,0,0,0,0,0,0,0,0,0,0,"d__Eukaryota","p__Rotifera","c__Eurotatoria","o__Philodinida","f__Philodinidae","g__Philodina","s__Philodina citrina"
"ASV9683",0,0,0,0,0,0,0,0,0,0,0,0,0,0,0,1,0,0,0,0,0,0,0,0,0,0,0,0,0,0,0,0,0,0,0,2,0,0,0,0,0,"d__Eukaryota","p__Rotifera","c__Eurotatoria","o__Philodinida","f__Philodinidae","g__Anomopus","s__Anomopus telphusae"
"ASV9905",0,0,0,0,0,0,0,0,0,0,0,0,0,0,0,0,0,1,0,0,0,0,0,0,0,0,0,0,0,0,0,0,0,0,0,0,0,0,0,0,0,"d__Eukaryota","p__Rotifera","c__Eurotatoria","o__Philodinida","f__Philodinidae","g__Rotaria","s__Rotaria rotatoria"
"ASV10005",0,0,0,0,0,0,0,0,0,0,0,0,0,0,0,0,0,0,1,0,0,0,1,0,0,0,0,0,0,0,0,0,0,0,0,0,0,0,0,0,0,"d__Eukaryota","p__Rotifera","c__Eurotatoria","o__Philodinida","f__Habrotrochidae","g__Habrotrocha","s__Habrotrocha constricta"
"ASV10039",0,0,0,0,0,0,0,0,0,0,0,0,0,0,0,0,0,0,0,1,0,2,0,0,0,0,0,0,0,0,0,0,0,0,0,0,0,0,0,0,0,"d__Eukaryota","p__Rotifera","c__Eurotatoria","o__Philodinida","f__Philodinidae","g__Rotaria","s__Rotaria rotatoria"
"ASV10326",0,0,0,0,0,0,0,0,0,0,0,0,0,0,0,0,0,0,0,0,0,0,0,0,0,0,8,0,0,0,0,0,0,0,0,0,0,0,0,0,0,"d__Eukaryota","p__Rotifera","c__Eurotatoria","o__Ploima","f__Trichotriidae","g__Trichotria","s__Trichotria tetractis"
"ASV10615",0,0,0,0,0,0,0,0,0,0,0,0,0,0,0,0,0,0,0,0,0,2,0,0,0,0,0,0,0,0,0,0,0,0,0,0,0,0,0,0,0,"d__Eukaryota","p__Rotifera","c__Eurotatoria","o__Philodinida","f__Philodinidae","g__Anomopus","s__Anomopus telphusae"
"ASV10756",0,0,0,0,0,0,0,0,0,0,0,0,0,0,0,0,0,0,0,0,0,0,8,0,0,0,0,0,0,0,0,0,0,0,0,0,0,0,0,0,0,"d__Eukaryota","p__Rotifera","c__Eurotatoria","o__Philodinida","f__Habrotrochidae","g__Habrotrocha","s__Habrotrocha constricta"
"ASV10842",0,0,0,0,0,0,0,0,0,0,0,0,0,0,0,0,0,0,0,0,0,0,0,0,2,0,0,0,0,0,0,0,0,0,0,0,0,0,0,0,0,"d__Eukaryota","p__Rotifera","c__Eurotatoria","o__Philodinida","f__Philodinidae","g__Anomopus","s__Anomopus telphusae"
"ASV11005",0,0,1,0,0,0,0,0,3,0,0,0,0,0,0,0,0,0,0,0,0,0,0,0,0,0,0,0,0,0,0,0,0,0,0,0,0,0,0,0,0,"d__Eukaryota","p__Rotifera","c__Eurotatoria","o__Philodinida","f__Philodinidae","g__Rotaria","s__Rotaria rotatoria"
"ASV11097",0,0,0,3,0,0,0,0,0,0,0,0,0,0,0,0,0,0,0,0,0,0,0,0,0,0,0,0,0,0,0,0,0,0,0,0,0,0,0,0,0,"d__Eukaryota","p__Rotifera","c__Eurotatoria","o__Ploima","f__Brachionidae","g__Kellicottia","s__Kellicottia bostoniensis"
"ASV11166",0,0,0,0,0,1,0,0,0,0,0,0,0,0,0,0,0,0,0,0,0,0,0,0,1,0,0,0,0,0,0,0,0,0,0,0,0,0,0,0,0,"d__Eukaryota","p__Rotifera","c__Eurotatoria","o__Ploima","f__Mytilinidae","g__Mytilina","s__Mytilina trigona"
"ASV11353",0,0,0,0,0,0,0,0,1,0,0,0,0,0,0,0,0,0,0,0,0,0,0,0,0,0,0,0,0,0,0,0,0,0,0,0,0,0,3,0,0,"d__Eukaryota","p__Rotifera","c__Eurotatoria","o__Philodinida","f__Habrotrochidae","g__Habrotrocha","s__Habrotrocha constricta"
"ASV11372",0,0,0,0,0,0,0,0,0,0,0,0,0,0,0,0,0,0,0,1,0,0,0,0,0,0,0,0,0,0,0,0,0,0,0,0,0,0,0,0,0,"d__Eukaryota","p__Rotifera","c__Eurotatoria","o__Philodinida","f__Philodinidae","g__Anomopus","s__Anomopus telphusae"
"ASV11560",0,0,0,0,0,0,0,0,0,2,0,0,0,0,0,0,0,0,0,0,0,0,0,0,0,0,0,0,0,0,0,0,0,0,0,0,0,0,0,0,0,"d__Eukaryota","p__Rotifera","c__Eurotatoria","o__Adinetida","f__Adinetidae","g__Adineta","s__Adineta gracilis"
"ASV11975",0,0,0,0,0,0,0,0,0,0,0,0,0,0,0,0,0,0,0,0,0,0,0,0,0,2,0,0,0,0,0,0,0,0,0,0,0,0,0,0,0,"d__Eukaryota","p__Rotifera","c__Eurotatoria","o__Philodinida","f__Philodinidae","g__Rotaria","s__Rotaria rotatoria"
"ASV12373",3,3,1,0,0,0,0,0,0,0,0,0,0,0,0,0,0,0,0,0,0,0,0,0,0,0,0,0,0,0,0,0,0,0,0,0,0,0,0,0,0,"d__Eukaryota","p__Rotifera","c__Eurotatoria","o__Philodinida","f__Philodinidae","g__Anomopus","s__Anomopus telphusae"
"ASV12404",0,0,0,0,0,0,0,0,0,0,0,0,0,0,0,0,0,0,0,0,0,0,0,0,0,0,0,0,0,2,0,0,0,0,0,0,0,2,0,0,0,"d__Eukaryota","p__Rotifera","c__Eurotatoria","o__Philodinida","f__Philodinidae","g__Rotaria","s__Rotaria rotatoria"
"ASV12541",0,0,0,0,0,0,0,0,0,0,0,0,0,0,0,0,0,0,0,0,0,0,0,0,0,0,0,0,0,0,0,0,0,0,0,0,0,0,0,3,0,"d__Eukaryota","p__Rotifera","c__Eurotatoria","o__Ploima","f__Synchaetidae","g__Polyarthra","s__Polyarthra euryptera"
"ASV12681",0,0,0,0,0,0,0,0,0,0,0,0,0,0,0,0,0,0,0,0,0,0,0,0,0,0,0,0,0,0,0,0,0,0,0,0,0,0,0,0,4,"d__Eukaryota","p__Rotifera","c__Eurotatoria","o__Philodinida","f__Philodinidae","g__Rotaria","s__Rotaria rotatoria"
"ASV13075",0,0,0,0,0,0,0,0,0,2,0,0,0,0,0,0,0,0,0,0,0,0,0,0,0,0,0,0,0,0,0,0,0,0,0,0,0,0,0,0,0,"d__Eukaryota","p__Rotifera","c__Eurotatoria","o__Philodinida","f__Philodinidae","g__Rotaria","s__Rotaria rotatoria"
"ASV13270",0,0,0,0,0,0,0,0,0,0,0,0,0,0,0,0,0,0,0,0,0,0,0,0,0,0,0,0,0,0,0,0,0,0,0,0,0,0,0,0,3,"d__Eukaryota","p__Rotifera","c__Eurotatoria","o__Philodinida","f__Philodinidae","g__Anomopus","s__Anomopus telphusae"
"ASV13627",0,0,0,0,0,0,0,0,0,0,0,0,0,0,0,0,0,1,0,0,0,0,0,0,0,0,0,0,0,0,0,0,0,0,0,0,0,0,0,0,0,"d__Eukaryota","p__Rotifera","c__Eurotatoria","o__Philodinida","f__Philodinidae","g__Rotaria","s__Rotaria rotatoria"
"ASV13633",0,0,0,0,0,0,2,0,0,0,0,0,0,0,0,0,0,0,0,0,0,0,0,0,0,0,0,0,0,0,0,0,0,0,0,0,0,0,0,0,0,"d__Eukaryota","p__Rotifera","c__Eurotatoria","o__Philodinida","f__Philodinidae","g__Rotaria","s__Rotaria rotatoria"
"ASV13635",0,0,0,0,0,0,0,0,0,0,0,0,0,0,0,0,0,1,0,0,0,0,0,0,0,0,0,0,0,0,0,0,0,0,0,0,0,0,0,0,0,"d__Eukaryota","p__Rotifera","c__Eurotatoria","o__Ploima","f__Dicranophoridae","g__Encentrum","s__Encentrum astridae"
"ASV13637",0,0,0,0,0,1,0,0,0,0,0,0,0,0,0,0,0,0,0,0,0,0,0,0,0,0,0,0,0,0,0,0,0,0,0,0,0,0,0,0,0,"d__Eukaryota","p__Rotifera","c__Eurotatoria","o__Ploima","f__Lecanidae","g__Lecane","s__Lecane nana"
"ASV13659",0,0,0,0,0,0,0,3,0,0,0,0,0,0,0,0,0,0,0,0,0,0,0,0,0,0,0,0,0,0,0,0,0,0,0,0,0,0,0,0,0,"d__Eukaryota","p__Rotifera","c__Eurotatoria","o__Ploima","f__Euchlanidae","g__Euchlanis","s__Euchlanis triquetra"
"ASV14169",0,0,0,0,2,0,0,0,0,0,0,0,0,0,0,0,0,0,0,0,0,0,0,0,0,0,0,0,0,0,0,0,0,0,0,0,0,0,0,0,0,"d__Eukaryota","p__Rotifera","c__Eurotatoria","o__Philodinida","f__Philodinidae","g__Rotaria","s__Rotaria rotatoria"
"ASV14975",0,0,0,0,2,0,0,0,0,0,0,0,0,0,0,0,0,0,0,0,0,0,0,0,0,0,0,0,0,0,0,0,0,0,0,0,0,0,0,0,0,"d__Eukaryota","p__Rotifera","c__Eurotatoria","o__Philodinida","f__Philodinidae","g__Rotaria","s__Rotaria rotatoria"
"ASV15213",0,0,0,0,0,0,0,0,0,0,0,0,0,0,0,0,0,0,0,0,0,0,0,0,0,2,0,0,0,0,0,0,0,0,0,0,0,0,0,0,0,"d__Eukaryota","p__Rotifera","c__Eurotatoria","o__Philodinida","f__Habrotrochidae","g__Habrotrocha","s__Habrotrocha constricta"
"ASV15509",0,0,0,0,0,0,0,0,0,0,0,0,0,0,0,0,0,0,0,0,1,0,0,0,0,0,0,0,0,0,0,0,0,0,0,0,0,0,0,0,0,"d__Eukaryota","p__Rotifera","c__Eurotatoria","o__Philodinida","f__Philodinidae","g__Philodina","s__Philodina citrina"
"ASV16153",0,0,0,0,0,0,0,0,0,0,0,0,0,0,0,1,0,0,0,0,0,0,0,0,0,0,0,0,0,0,0,0,0,0,0,0,0,0,0,0,0,"d__Eukaryota","p__Rotifera","c__Eurotatoria","o__Philodinida","f__Philodinidae","g__Rotaria","s__Rotaria rotatoria"
"ASV16195",0,0,0,0,2,0,0,0,0,0,0,0,0,0,0,0,0,0,0,0,0,0,0,0,0,0,0,0,0,0,0,0,0,0,0,0,0,0,0,0,0,"d__Eukaryota","p__Rotifera","c__Eurotatoria","o__Philodinida","f__Habrotrochidae","g__Habrotrocha","s__Habrotrocha constricta"
"ASV16222",0,0,0,0,0,0,0,0,0,0,0,0,0,0,0,0,0,0,0,0,0,0,0,0,0,0,0,0,0,0,0,0,0,0,1,0,0,0,0,0,0,"d__Eukaryota","p__Rotifera","c__Eurotatoria","o__Philodinida","f__Philodinidae","g__Philodina","s__Philodina citrina"
"ASV16487",0,0,0,0,0,0,0,0,0,0,0,0,0,0,0,0,0,0,0,0,0,0,0,0,0,0,0,0,0,0,0,0,0,0,0,0,3,2,0,0,0,"d__Eukaryota","p__Rotifera","c__Eurotatoria","o__Philodinida","f__Philodinidae","g__Rotaria","s__Rotaria rotatoria"
"ASV16603",0,0,0,0,0,0,0,0,0,0,0,0,0,0,0,0,0,0,0,0,0,1,0,0,0,0,0,0,0,0,0,0,0,0,0,0,0,0,0,0,0,"d__Eukaryota","p__Rotifera","c__Eurotatoria","o__Philodinida","f__Philodinidae","g__Anomopus","s__Anomopus telphusae"
"ASV16726",0,0,0,0,0,0,0,0,0,0,0,0,0,0,0,0,0,0,0,0,0,0,0,0,0,1,0,0,0,0,0,0,0,0,0,0,0,0,0,0,0,"d__Eukaryota","p__Rotifera","c__Eurotatoria","o__Philodinida","f__Philodinidae","g__Rotaria","s__Rotaria rotatoria"
"ASV16770",0,0,0,0,0,0,0,0,0,0,0,0,0,0,0,0,0,0,0,0,0,0,0,0,0,0,0,0,0,0,0,0,0,0,0,0,0,0,0,0,3,"d__Eukaryota","p__Rotifera","c__Eurotatoria","o__Ploima","f__Brachionidae","g__Notholca","s__Notholca squamula"
"ASV16884",0,0,0,0,0,0,0,0,0,0,0,0,0,0,0,0,0,0,0,0,0,0,0,0,0,0,0,0,0,0,0,0,0,0,0,0,1,0,0,0,0,"d__Eukaryota","p__Rotifera","c__Eurotatoria","o__Philodinida","f__Philodinidae","g__Rotaria","s__Rotaria rotatoria"
"ASV17585",0,0,0,0,0,0,0,0,2,0,0,0,0,0,0,0,0,0,0,0,0,0,0,0,0,0,0,0,0,0,0,0,0,0,0,0,0,0,0,0,0,"d__Eukaryota","p__Rotifera","c__Eurotatoria","o__Ploima","f__Proalidae","g__Bryceella","s__Bryceella stylata"
"ASV17762",0,0,0,0,0,0,1,0,0,0,0,0,0,0,0,0,0,0,0,0,0,0,0,0,0,0,0,0,0,0,0,0,0,0,0,0,0,0,0,0,0,"d__Eukaryota","p__Rotifera","c__Eurotatoria","o__Philodinida","f__Habrotrochidae","g__Habrotrocha","s__Habrotrocha constricta"
"ASV18887",0,0,0,3,0,0,0,0,0,0,0,0,0,0,0,0,0,0,0,0,0,0,0,0,0,0,0,0,0,0,0,0,0,0,0,0,0,0,0,0,0,"d__Eukaryota","p__Rotifera","c__Eurotatoria","o__Philodinida","f__Philodinidae","g__Rotaria","s__Rotaria rotatoria"
"ASV18912",0,0,0,0,0,0,0,0,0,0,0,0,0,0,1,0,0,0,0,0,0,0,0,0,0,0,0,0,0,0,0,0,0,0,0,0,0,0,0,0,0,"d__Eukaryota","p__Rotifera","c__Eurotatoria","o__Philodinida","f__Philodinidae","g__Rotaria","s__Rotaria rotatoria"
"ASV20083",0,0,0,0,0,0,0,0,0,0,0,0,0,0,2,0,0,0,0,0,0,0,0,0,0,0,0,0,0,0,0,0,0,0,0,0,0,0,0,0,0,"d__Eukaryota","p__Rotifera","c__Eurotatoria","o__Philodinida","f__Philodinidae","g__Anomopus","s__Anomopus telphusae"
"ASV20196",0,0,0,0,0,0,0,0,0,0,0,0,0,0,0,0,0,0,0,0,0,0,0,0,0,0,0,0,0,0,0,0,0,1,0,0,0,0,0,0,0,"d__Eukaryota","p__Rotifera","c__Eurotatoria","o__Philodinida","f__Philodinidae","g__Rotaria","s__Rotaria rotatoria"
"ASV21025",0,0,0,0,0,3,0,0,0,0,0,0,0,0,0,0,0,0,0,0,0,0,0,0,0,0,0,0,0,0,0,0,0,0,0,0,0,0,0,0,0,"d__Eukaryota","p__Rotifera","c__Eurotatoria","o__Philodinida","f__Philodinidae","g__Rotaria","s__Rotaria rotatoria"
"ASV21033",0,0,0,0,0,0,0,0,0,0,0,0,0,0,0,0,0,0,0,0,0,0,0,0,2,0,0,1,0,0,0,0,0,0,0,0,0,0,0,0,0,"d__Eukaryota","p__Rotifera","c__Eurotatoria","o__Philodinida","f__Habrotrochidae","g__Habrotrocha","s__Habrotrocha constricta"
"ASV21350",1,0,2,0,0,0,0,0,0,0,0,0,0,0,0,0,0,0,0,0,0,0,0,0,0,0,0,0,0,0,0,0,0,0,0,0,0,0,0,0,0,"d__Eukaryota","p__Rotifera","c__Eurotatoria","o__Philodinida","f__Habrotrochidae","g__Habrotrocha","s__Habrotrocha constricta"
"ASV22216",0,0,0,0,0,0,0,0,0,0,0,0,0,0,0,0,0,0,0,0,0,0,0,0,0,0,0,0,0,0,0,0,0,0,0,0,0,0,1,0,0,"d__Eukaryota","p__Rotifera","c__Eurotatoria","o__Philodinida","f__Habrotrochidae","g__Habrotrocha","s__Habrotrocha constricta"
"ASV23893",0,0,0,0,1,0,0,0,0,0,0,0,0,0,0,0,0,0,0,0,0,0,0,0,0,0,0,0,0,0,0,0,0,0,0,0,0,0,0,0,0,"d__Eukaryota","p__Rotifera","c__Eurotatoria","o__Philodinida","f__Philodinidae","g__Rotaria","s__Rotaria rotatoria"
"ASV23911",0,0,0,0,0,0,0,0,0,0,0,0,0,0,0,0,0,0,0,0,0,0,0,0,0,0,0,0,0,0,0,0,0,1,0,0,0,0,0,0,0,"d__Eukaryota","p__Rotifera","c__Eurotatoria","o__Ploima","f__Lepadellidae","g__Lepadella","s__Lepadella triptera"
"ASV24711",0,0,0,0,0,0,0,0,0,0,0,0,0,0,0,0,0,0,0,0,0,0,0,0,0,0,0,4,1,0,0,0,0,0,0,0,0,0,0,0,0,"d__Eukaryota","p__Rotifera","c__Eurotatoria","o__Philodinida","f__Habrotrochidae","g__Habrotrocha","s__Habrotrocha constricta"
"ASV24714",0,0,0,0,3,0,0,0,0,0,0,0,0,0,0,0,0,0,0,0,0,0,0,0,0,0,0,0,0,0,0,0,0,0,0,0,0,0,0,0,0,"d__Eukaryota","p__Rotifera","c__Eurotatoria","o__Ploima","f__Notommatidae","g__Cephalodella","s__Cephalodella forficula"
"ASV25066",0,0,0,0,0,0,0,0,0,0,0,0,0,0,0,0,0,0,0,0,0,0,0,0,0,0,6,0,0,0,0,0,0,1,0,0,0,0,0,0,0,"d__Eukaryota","p__Rotifera","c__Eurotatoria","o__Philodinida","f__Philodinidae","g__Philodina","s__Philodina sp. cmbb21"
"ASV25435",0,0,0,0,0,0,0,2,0,0,0,0,0,0,0,0,0,0,0,0,0,0,0,0,0,0,0,0,0,0,0,0,0,0,0,0,0,0,0,0,0,"d__Eukaryota","p__Rotifera","c__Eurotatoria","o__Philodinida","f__Philodinidae","g__Philodina","s__Philodina sp. cmbb21"
"ASV25932",0,0,0,0,0,0,0,0,0,0,0,0,0,0,0,0,0,0,0,0,0,0,0,0,0,0,0,0,0,0,0,0,0,0,0,3,0,0,0,0,0,"d__Eukaryota","p__Rotifera","c__Eurotatoria","o__Philodinida","f__Philodinidae","g__Philodina","s__Philodina sp. cmbb21"
"ASV26188",0,0,0,0,0,0,2,0,0,0,0,0,0,0,0,0,0,0,0,0,0,0,0,0,0,0,0,0,0,0,0,0,0,0,0,0,0,0,0,0,0,"d__Eukaryota","p__Rotifera","c__Eurotatoria","o__Philodinida","f__Philodinidae","g__Rotaria","s__Rotaria rotatoria"
"ASV27296",0,0,0,0,0,0,0,0,0,0,0,0,0,0,0,0,0,0,0,0,0,0,0,0,0,0,0,0,0,0,0,0,0,0,0,0,0,0,0,0,2,"d__Eukaryota","p__Rotifera","c__Eurotatoria","o__Philodinida","f__Philodinidae","g__Anomopus","s__Anomopus telphusae"
"ASV27641",0,0,0,0,0,0,0,0,0,0,0,0,0,0,0,0,0,0,0,0,0,0,0,0,0,0,0,0,0,0,0,0,0,0,0,0,0,0,3,0,0,"d__Eukaryota","p__Rotifera","c__Eurotatoria","o__Philodinida","f__Habrotrochidae","g__Habrotrocha","s__Habrotrocha constricta"
"ASV28619",0,0,0,0,0,0,0,0,0,0,0,0,0,0,0,0,0,0,0,0,0,0,0,0,0,0,1,0,0,0,1,0,0,0,0,0,0,0,0,0,0,"d__Eukaryota","p__Rotifera","c__Eurotatoria","o__Philodinida","f__Habrotrochidae","g__Habrotrocha","s__Habrotrocha constricta"
