"ASV","T1","T2","T3","T7","T8","T10","T12","T13","T15","T16","T17","T18","T22","T23","T25","T26","T27","T30","T32","T33","T34","S1","S2","S3","S7","S8","S10","S12","S13","S15","S16","S17","S18","S22","S23","S25","S26","S27","S30","S32","S33","S34","Domain","Phylum","Class","Order","Family","Genus","Species"
"ASV870",0,0,0,3,0,0,0,0,0,0,0,0,0,0,0,0,0,0,0,0,0,0,0,0,0,0,0,0,0,0,0,0,0,0,0,0,0,0,0,0,0,0,"d__Eukaryota","p__Rotifera","c__Eurotatoria","o__Philodinida","f__Philodinidae","g__Macrotrachela","s__Macrotrachela quadricornifera"
"ASV1067",0,0,1,0,0,0,0,0,0,0,2,26,0,0,0,0,0,0,0,0,0,0,0,0,0,0,0,0,0,0,0,0,0,0,0,0,0,2,0,0,0,0,"d__Eukaryota","p__Rotifera","c__Eurotatoria","o__Ploima","f__Synchaetidae","g__Polyarthra","s__Polyarthra dolichoptera complex sp. UO-2013"
"ASV1099",0,0,0,0,0,0,0,0,0,0,0,0,15,18,1,0,1,0,37,41,5,0,0,0,0,0,0,0,0,0,0,0,0,0,0,0,0,0,0,0,0,0,"d__Eukaryota","p__Rotifera","c__Eurotatoria","o__Philodinida","f__Philodinidae","g__Philodina","s__Philodina haejooni"
"ASV1485",0,0,0,0,0,0,0,0,0,0,0,0,0,0,0,0,0,0,0,0,0,0,0,0,0,0,0,0,0,0,0,0,0,0,0,36,0,0,0,0,0,0,"d__Eukaryota","p__Rotifera","c__Eurotatoria","o__Adinetida","f__Adinetidae","g__Adineta","s__Adineta vaga"
"ASV1517",0,0,0,0,0,0,0,0,39,0,0,0,0,0,0,0,0,0,0,0,0,0,0,0,0,0,0,0,0,0,0,38,15,0,0,0,0,0,0,0,0,0,"d__Eukaryota","p__Rotifera","c__Eurotatoria","o__Adinetida","f__Adinetidae","g__Adineta","s__Adineta vaga"
"ASV1695",19,0,20,0,0,0,0,0,0,0,28,11,0,0,0,0,0,0,0,0,0,0,28,0,0,0,0,0,0,0,0,0,0,0,0,0,0,0,0,0,0,0,"d__Eukaryota","p__Rotifera","c__Eurotatoria","o__Ploima","f__Synchaetidae","g__Polyarthra","s__Polyarthra sp. UO-2013"
"ASV1720",0,0,0,0,0,0,0,0,0,0,0,0,0,0,0,0,0,0,0,0,0,0,0,0,48,0,0,0,0,0,0,0,0,0,0,0,0,0,0,0,0,0,"d__Eukaryota","p__Rotifera","c__Eurotatoria","o__Adinetida","f__Adinetidae","g__Adineta","s__Adineta vaga"
"ASV1871",0,0,0,0,0,0,0,0,0,0,0,0,0,0,0,0,0,0,0,0,0,0,0,0,0,17,11,0,0,0,0,0,0,0,0,0,0,0,0,0,0,0,"d__Eukaryota","p__Rotifera","c__Eurotatoria","o__Adinetida","f__Adinetidae","g__Adineta","s__Adineta vaga"
"ASV1937",0,27,0,0,0,0,0,0,0,0,0,0,0,0,0,0,0,0,0,0,34,41,0,0,0,0,0,0,0,0,0,0,0,0,0,0,0,0,0,0,0,0,"d__Eukaryota","p__Rotifera","c__Eurotatoria","o__Adinetida","f__Adinetidae","g__Adineta","s__Adineta vaga"
"ASV1970",0,0,0,0,0,0,0,0,0,0,0,0,0,0,0,0,0,0,0,0,0,0,0,0,0,0,0,0,0,0,0,0,0,0,0,0,0,0,0,1,47,48,"d__Eukaryota","p__Rotifera","c__Eurotatoria","o__Adinetida","f__Adinetidae","g__Adineta","s__Adineta vaga"
"ASV1990",0,0,0,0,0,26,0,0,0,0,0,0,0,0,0,0,0,0,0,0,0,0,0,0,4,0,0,0,0,0,0,0,0,0,0,0,0,0,0,0,0,0,"d__Eukaryota","p__Rotifera","c__Eurotatoria","o__Adinetida","f__Adinetidae","g__Adineta","s__Adineta sp. TZ.2"
"ASV2013",0,0,0,0,0,0,0,0,0,0,0,0,0,0,12,0,0,0,0,0,0,0,0,0,0,0,0,0,0,0,0,0,0,13,0,2,0,0,0,0,0,0,"d__Eukaryota","p__Rotifera","c__Eurotatoria","o__Philodinida","f__Philodinidae","g__Anomopus","s__Anomopus telphusae"
"ASV2131",0,0,0,0,0,0,0,0,0,0,0,0,18,17,4,0,4,0,0,0,0,0,0,0,0,0,0,0,0,0,0,0,0,0,0,0,0,0,0,0,0,0,"d__Eukaryota","p__Rotifera","c__Eurotatoria","o__Philodinida","f__Philodinidae","g__Pleuretra","s__Pleuretra lineata"
"ASV2144",0,0,0,0,0,0,25,0,0,0,0,0,0,0,0,0,0,0,0,0,0,0,0,0,0,0,0,8,0,0,0,0,0,0,0,0,0,0,0,0,0,0,"d__Eukaryota","p__Rotifera","c__Eurotatoria","o__Adinetida","f__Adinetidae","g__Adineta","s__Adineta vaga"
"ASV2257",0,0,0,0,28,1,0,0,0,0,0,0,0,0,0,0,0,0,0,0,0,0,0,0,0,0,0,0,0,0,0,0,0,0,0,0,0,0,0,0,0,0,"d__Eukaryota","p__Rotifera","c__Eurotatoria","o__Adinetida","f__Adinetidae","g__Adineta","s__Adineta vaga"
"ASV2455",0,0,0,0,0,0,0,0,0,0,0,0,0,0,0,0,0,0,0,0,0,0,0,0,0,0,0,0,0,0,0,0,0,0,0,0,0,44,0,0,0,0,"d__Eukaryota","p__Rotifera","c__Eurotatoria","o__Philodinida","f__Philodinidae","g__Philodina","s__Philodina haejooni"
"ASV2513",0,0,0,0,0,0,0,0,0,0,0,0,0,0,0,0,0,0,0,0,0,0,0,0,0,0,0,0,0,0,0,0,0,0,36,0,0,0,0,0,0,0,"d__Eukaryota","p__Rotifera","c__Eurotatoria","o__Philodinida","f__Philodinidae","g__Pleuretra","s__Pleuretra lineata"
"ASV2655",0,0,0,0,0,0,0,0,0,0,0,0,0,0,0,0,0,0,0,0,0,0,0,0,0,0,0,0,2,0,0,0,38,0,0,0,0,0,0,0,0,0,"d__Eukaryota","p__Rotifera","c__Eurotatoria","o__Philodinida","f__Philodinidae","g__Pleuretra","s__Pleuretra lineata"
"ASV2689",0,0,0,0,0,11,0,0,0,0,0,0,0,0,0,0,0,0,0,0,0,0,0,0,0,0,0,0,0,0,0,0,0,0,0,0,0,0,0,0,0,0,"d__Eukaryota","p__Rotifera","c__Eurotatoria","o__Philodinida","f__Habrotrochidae","g__Habrotrocha","s__Habrotrocha lata"
"ASV2911",0,0,0,0,0,0,0,0,0,0,0,0,0,0,0,0,0,0,0,0,0,0,0,0,0,0,0,0,0,0,0,0,0,0,0,0,0,0,0,44,0,0,"d__Eukaryota","p__Rotifera","c__Eurotatoria","o__Philodinida","f__Philodinidae","g__Macrotrachela","s__Macrotrachela quadricornifera"
"ASV2922",0,0,0,0,0,0,0,0,0,0,0,0,0,0,0,0,0,0,0,0,0,0,0,0,0,0,0,0,0,0,0,0,0,0,0,0,0,0,35,0,0,0,"d__Eukaryota","p__Rotifera","c__Eurotatoria","o__Adinetida","f__Adinetidae","g__Adineta","s__Adineta vaga"
"ASV2941",0,0,0,0,0,0,0,0,0,0,0,0,0,0,0,0,0,0,0,0,0,0,0,0,0,0,0,0,0,0,0,0,0,14,0,0,0,0,0,0,0,0,"d__Eukaryota","p__Rotifera","c__Eurotatoria","o__Ploima","f__Euchlanidae","g__Euchlanis","s__Euchlanis dilatata"
"ASV2947",0,0,0,0,0,0,0,0,0,0,0,0,0,0,0,0,0,0,0,0,0,0,0,0,0,0,0,0,1,0,33,0,0,0,0,0,0,0,0,0,0,0,"d__Eukaryota","p__Rotifera","c__Eurotatoria","o__Adinetida","f__Adinetidae","g__Adineta","s__Adineta vaga"
"ASV2980",0,0,0,0,0,0,0,0,0,0,0,0,0,0,0,0,0,0,0,0,0,0,0,0,0,6,8,0,0,0,0,0,0,0,0,0,0,0,0,0,0,0,"d__Eukaryota","p__Rotifera","c__Eurotatoria","o__Adinetida","f__Adinetidae","g__Adineta","s__Adineta vaga"
"ASV3034",0,0,0,0,0,0,18,0,0,0,0,0,0,0,0,0,0,0,0,0,0,0,0,0,0,0,0,0,0,0,0,0,0,0,0,0,0,0,0,0,0,0,"d__Eukaryota","p__Rotifera","c__Eurotatoria","o__Adinetida","f__Adinetidae","g__Adineta","s__Adineta vaga"
"ASV3280",0,0,0,0,0,0,0,0,0,0,0,0,0,0,0,0,0,0,0,0,0,0,0,0,0,0,23,0,0,0,0,0,0,0,0,0,0,0,0,0,0,0,"d__Eukaryota","p__Rotifera","c__Eurotatoria","o__Adinetida","f__Adinetidae","g__Adineta","s__Adineta sp. FR.5"
"ASV3452",0,0,0,0,0,0,0,0,0,0,0,0,0,0,3,0,0,0,0,0,0,0,0,0,0,0,0,0,0,0,0,0,0,0,0,13,0,0,0,0,0,0,"d__Eukaryota","p__Rotifera","c__Eurotatoria","o__Adinetida","f__Adinetidae","g__Adineta","s__Adineta vaga"
"ASV3918",0,0,0,0,0,0,0,0,0,0,0,0,0,0,0,0,0,0,0,0,0,0,0,0,0,0,0,0,0,0,0,0,0,0,14,0,0,0,0,0,0,0,"d__Eukaryota","p__Rotifera","c__Eurotatoria","o__Philodinida","f__Philodinidae","g__Macrotrachela","s__Macrotrachela quadricornifera"
"ASV4188",0,0,0,0,0,0,0,0,0,0,0,0,0,0,0,0,0,0,9,9,0,0,0,0,0,0,0,0,0,0,0,0,0,0,0,0,0,0,0,0,0,0,"d__Eukaryota","p__Rotifera","c__Eurotatoria","o__Philodinida","f__Philodinidae","g__Philodina","s__Philodina haejooni"
"ASV4313",0,14,1,0,0,0,0,0,0,0,0,0,0,0,0,0,0,0,0,0,0,0,0,0,0,0,0,0,0,0,0,0,0,0,0,0,0,0,0,0,0,0,"d__Eukaryota","p__Rotifera","c__Eurotatoria","o__Philodinida","f__Philodinidae","g__Philodina","s__Philodina megalotrocha"
"ASV4592",0,0,0,0,20,1,0,0,0,0,0,0,0,0,0,0,0,0,0,0,0,0,0,0,0,0,0,0,0,0,0,0,0,0,0,0,0,0,0,0,0,0,"d__Eukaryota","p__Rotifera","c__Eurotatoria","o__Philodinida","f__Philodinidae","g__Philodina","s__Philodina sp. DDF-2018"
"ASV4604",0,0,0,0,0,0,0,0,0,0,0,0,0,0,0,0,0,0,0,0,0,0,0,0,0,0,0,0,0,0,0,0,0,11,0,0,0,0,0,0,0,0,"d__Eukaryota","p__Rotifera","c__Eurotatoria","o__Philodinida","f__Philodinidae","g__Rotaria","s__Rotaria rotatoria"
"ASV4760",0,0,0,0,0,0,0,0,0,0,0,0,0,0,0,0,0,0,0,0,0,0,0,0,0,0,0,0,0,0,0,0,0,0,0,0,48,0,0,0,0,0,"d__Eukaryota","p__Rotifera","c__Eurotatoria","o__Philodinida","f__Philodinidae","g__Macrotrachela","s__Macrotrachela quadricornifera"
"ASV5271",0,0,0,0,0,0,5,0,0,0,0,0,0,0,0,0,0,0,0,0,0,0,0,0,0,0,0,0,0,0,0,0,0,0,0,0,0,0,0,0,0,0,"d__Eukaryota","p__Rotifera","c__Eurotatoria","o__Philodinida","f__Philodinidae","g__Macrotrachela","s__Macrotrachela quadricornifera"
"ASV5816",0,0,0,0,0,0,0,0,0,0,0,0,0,0,0,0,0,0,0,0,0,0,0,0,0,0,0,19,0,0,0,0,0,0,0,0,0,0,0,0,0,0,"d__Eukaryota","p__Rotifera","c__Eurotatoria","o__Adinetida","f__Adinetidae","g__Adineta","s__Adineta vaga"
"ASV5974",0,0,0,0,0,0,0,0,0,0,0,7,0,0,0,0,0,0,0,0,0,0,0,0,0,0,0,0,0,0,0,0,0,0,0,0,0,0,0,0,0,0,"d__Eukaryota","p__Rotifera","c__Eurotatoria","o__Philodinida","f__Philodinidae","g__Philodina","s__Philodina megalotrocha"
"ASV6036",0,0,0,32,0,0,0,0,0,0,0,0,0,0,0,0,0,0,0,0,0,0,0,0,0,0,0,0,0,0,0,0,0,0,0,0,0,0,0,0,0,0,"d__Eukaryota","p__Rotifera","c__Eurotatoria","o__Philodinida","f__Philodinidae","g__Macrotrachela","s__Macrotrachela papillosa"
"ASV7371",0,0,0,0,0,0,0,0,0,0,0,0,0,0,0,0,0,0,0,0,0,0,0,0,0,0,0,0,0,0,0,0,0,4,0,0,0,0,0,0,0,0,"d__Eukaryota","p__Rotifera","c__Eurotatoria","o__Philodinida","f__Philodinidae","g__Macrotrachela","s__Macrotrachela quadricornifera"
"ASV7527",0,0,0,0,0,0,0,0,0,0,0,0,0,0,0,0,0,0,0,0,0,0,0,0,0,0,0,0,30,32,0,0,0,0,0,0,0,0,0,0,0,0,"d__Eukaryota","p__Rotifera","c__Eurotatoria","o__Adinetida","f__Adinetidae","g__Adineta","s__Adineta vaga"
"ASV8108",0,0,0,0,0,0,0,0,0,19,0,0,0,0,0,0,0,0,0,0,0,0,0,0,0,0,0,0,0,0,0,0,0,0,0,0,0,0,0,0,0,0,"d__Eukaryota","p__Rotifera","c__Eurotatoria","o__Philodinida","f__Philodinidae","g__Macrotrachela","s__Macrotrachela quadricornifera"
"ASV8270",0,0,0,0,0,0,0,0,0,0,0,0,0,0,0,0,0,0,0,0,0,0,0,0,0,0,0,0,0,0,13,0,0,0,0,0,0,0,0,0,0,0,"d__Eukaryota","p__Rotifera","c__Eurotatoria","o__Adinetida","f__Adinetidae","g__Adineta","s__Adineta vaga"
"ASV8296",3,0,0,0,0,0,0,0,0,0,0,1,0,0,0,0,0,0,0,0,0,0,0,0,0,0,0,0,0,0,0,0,0,0,0,0,0,0,0,0,0,0,"d__Eukaryota","p__Rotifera","c__Eurotatoria","o__Ploima","f__Synchaetidae","g__Polyarthra","s__Polyarthra dolichoptera complex sp. UO-2013"
"ASV8469",0,0,0,0,0,0,0,0,0,0,0,3,0,0,0,0,0,0,0,0,0,0,0,0,0,0,0,0,0,0,0,0,0,0,0,0,0,0,0,0,0,0,"d__Eukaryota","p__Rotifera","c__Eurotatoria","o__Ploima","f__Synchaetidae","g__Polyarthra","s__Polyarthra sp. UO-2013"
"ASV8571",0,0,0,0,0,0,0,0,0,0,0,0,0,0,0,0,0,27,0,0,0,0,0,0,0,0,0,0,0,0,0,0,0,0,0,0,0,0,0,0,0,0,"d__Eukaryota","p__Rotifera","c__Eurotatoria","o__Philodinida","f__Habrotrochidae","g__Habrotrocha","s__Habrotrocha lata"
"ASV9365",0,0,0,0,0,0,0,0,0,0,0,0,0,0,0,0,0,1,0,0,13,12,0,0,0,0,0,0,0,0,0,0,0,0,0,0,0,0,0,0,0,0,"d__Eukaryota","p__Rotifera","c__Eurotatoria","o__Philodinavida","f__Philodinavidae","g__Abrochtha","s__Abrochtha sonneborni"
"ASV9701",0,0,0,0,0,0,0,0,0,20,0,0,0,0,0,0,0,0,0,0,0,0,0,0,0,0,0,0,0,0,0,0,0,0,0,0,0,0,0,0,0,0,"d__Eukaryota","p__Rotifera","c__Eurotatoria","o__Adinetida","f__Adinetidae","g__Adineta","s__Adineta vaga"
"ASV9737",0,0,0,0,0,0,0,0,0,0,0,0,5,5,1,0,0,0,0,0,0,0,0,0,0,0,0,0,0,0,0,0,0,0,0,0,0,0,0,0,0,0,"d__Eukaryota","p__Rotifera","c__Eurotatoria","o__Adinetida","f__Adinetidae","g__Adineta","s__Adineta sp. AN.2.4"
"ASV9800",0,0,0,0,0,0,0,0,0,0,0,0,0,0,1,10,19,0,0,0,0,0,0,0,0,0,0,0,0,0,0,0,0,0,0,0,0,0,0,0,0,0,"d__Eukaryota","p__Rotifera","c__Eurotatoria","o__Philodinida","f__Philodinidae","g__Macrotrachela","s__Macrotrachela quadricornifera"
"ASV9993",0,0,0,0,0,0,0,0,0,0,0,0,5,6,1,0,1,0,0,0,0,0,0,0,0,0,0,0,0,0,0,0,0,0,0,0,0,0,0,0,0,0,"d__Eukaryota","p__Rotifera","c__Eurotatoria","o__Philodinida","f__Philodinidae","g__Macrotrachela","s__Macrotrachela quadricornifera"
"ASV10195",0,0,0,0,0,0,0,0,0,0,0,0,0,0,0,0,0,0,0,0,0,0,0,0,0,0,0,0,0,0,3,10,0,0,0,0,0,0,0,0,0,0,"d__Eukaryota","p__Rotifera","c__Eurotatoria","o__Adinetida","f__Adinetidae","g__Adineta","s__Adineta steineri"
"ASV10197",0,0,0,0,0,0,0,0,0,0,0,0,0,0,0,0,0,0,0,0,0,0,0,0,0,11,0,0,0,0,0,0,0,0,0,0,0,0,0,0,0,0,"d__Eukaryota","p__Rotifera","c__Eurotatoria","o__Philodinida","f__Habrotrochidae","g__Habrotrocha","s__Habrotrocha constricta"
"ASV10424",0,0,0,0,0,0,0,0,0,0,0,0,0,0,0,0,0,0,0,0,0,0,0,0,0,5,0,0,0,0,0,0,0,0,0,0,0,0,0,0,0,0,"d__Eukaryota","p__Rotifera","c__Eurotatoria","o__Philodinida","f__Habrotrochidae","g__Habrotrocha","s__Habrotrocha sp. C02"
"ASV10443",0,0,0,0,0,0,0,0,0,0,0,0,0,0,6,0,0,0,0,0,0,0,0,0,0,0,0,0,0,0,0,0,0,0,0,0,0,0,0,0,0,0,"d__Eukaryota","p__Rotifera","c__Eurotatoria","o__Ploima","f__Synchaetidae","g__Synchaeta","s__Synchaeta sp. AMD-2002"
"ASV10511",12,0,3,0,0,0,0,0,0,0,11,0,0,0,0,0,0,0,0,0,0,0,1,0,0,0,0,0,0,0,0,0,0,0,0,0,0,0,0,0,0,0,"d__Eukaryota","p__Rotifera","c__Eurotatoria","o__Ploima","f__Lecanidae","g__Lecane","s__Lecane leontina"
"ASV11385",0,0,0,0,0,0,0,0,0,0,0,0,0,0,0,0,0,0,0,0,0,0,0,0,0,0,0,0,0,0,0,0,0,4,0,0,0,0,0,0,0,0,"d__Eukaryota","p__Rotifera","c__Eurotatoria","o__Adinetida","f__Adinetidae","g__Adineta","s__Adineta vaga"
"ASV11451",0,0,0,0,0,0,0,0,0,0,0,0,0,0,0,0,0,0,0,0,0,0,0,15,0,0,0,0,0,0,0,0,0,0,0,0,0,0,0,0,0,0,"d__Eukaryota","p__Rotifera","c__Eurotatoria","o__Philodinida","f__Philodinidae","g__Macrotrachela","s__Macrotrachela quadricornifera"
"ASV12332",0,0,0,0,0,0,0,0,0,0,0,0,0,0,6,0,1,0,0,0,0,0,0,0,0,0,0,0,0,0,0,0,0,0,0,0,0,0,0,0,0,0,"d__Eukaryota","p__Rotifera","c__Eurotatoria","o__Philodinida","f__Philodinidae","g__Pleuretra","s__Pleuretra lineata"
"ASV12411",0,0,0,0,0,0,0,0,0,0,0,0,0,0,6,0,0,0,0,0,0,0,0,0,0,0,0,0,0,0,0,0,0,0,0,0,0,0,0,0,0,0,"d__Eukaryota","p__Rotifera","c__Eurotatoria","o__Ploima","f__Lecanidae","g__Lecane","s__Lecane sp. bulla3"
"ASV12785",0,0,0,0,0,0,0,0,0,0,0,0,0,0,0,0,0,0,0,0,0,0,0,0,0,0,0,0,0,0,0,0,0,0,0,0,0,0,11,0,0,0,"d__Eukaryota","p__Rotifera","c__Eurotatoria","o__Philodinida","f__Philodinidae","g__Pleuretra","s__Pleuretra lineata"
"ASV12974",9,0,0,0,0,0,0,0,0,0,0,0,0,0,0,0,0,0,0,0,0,0,1,0,0,0,0,0,0,0,0,0,0,0,0,0,0,0,0,0,0,0,"d__Eukaryota","p__Rotifera","c__Eurotatoria","o__Ploima","f__Trichocercidae","g__Trichocerca","s__Trichocerca sp. WM-2017d"
"ASV13123",0,0,0,0,0,0,0,0,0,0,0,0,0,0,0,0,0,0,0,0,0,0,0,0,0,0,0,0,16,12,0,0,0,0,0,0,0,0,0,0,0,0,"d__Eukaryota","p__Rotifera","c__Eurotatoria","o__Adinetida","f__Adinetidae","g__Adineta","s__Adineta vaga"
"ASV13139",0,0,0,0,0,0,0,0,0,0,0,0,0,0,0,0,0,0,0,0,0,0,0,0,0,4,1,0,0,0,0,0,0,0,0,0,0,0,0,0,0,0,"d__Eukaryota","p__Rotifera","c__Eurotatoria","o__Adinetida","f__Adinetidae","g__Adineta","s__Adineta vaga"
"ASV13444",0,0,0,0,0,0,0,0,0,0,0,0,0,0,0,16,0,0,0,0,0,0,0,0,0,0,0,0,0,0,0,0,0,0,0,0,0,0,0,0,0,0,"d__Eukaryota","p__Rotifera","c__Eurotatoria","o__Adinetida","f__Adinetidae","g__Adineta","s__Adineta gracilis"
"ASV13531",0,0,0,0,0,0,0,0,0,0,0,0,0,0,0,0,0,20,0,0,0,0,0,0,0,0,0,0,0,0,0,0,0,0,0,0,0,0,0,0,0,0,"d__Eukaryota","p__Rotifera","c__Eurotatoria","o__Adinetida","f__Adinetidae","g__Adineta","s__Adineta vaga"
"ASV13650",0,0,0,0,0,0,0,0,0,0,0,0,0,0,0,0,0,0,0,0,0,0,0,0,0,0,0,0,0,0,2,0,0,0,0,0,0,0,0,0,0,0,"d__Eukaryota","p__Rotifera","c__Eurotatoria","o__Adinetida","f__Adinetidae","g__Adineta","s__Adineta vaga"
"ASV13744",0,0,0,0,0,0,0,0,0,0,0,0,0,0,0,0,0,0,0,0,0,0,0,14,0,0,0,0,0,0,0,0,0,0,0,0,0,0,0,0,0,0,"d__Eukaryota","p__Rotifera","c__Eurotatoria","o__Adinetida","f__Adinetidae","g__Adineta","s__Adineta vaga"
"ASV14044",0,0,0,0,0,0,0,0,14,0,0,0,0,0,0,0,0,0,0,0,0,0,0,0,0,0,0,0,0,0,0,0,0,0,0,0,0,0,0,0,0,0,"d__Eukaryota","p__Rotifera","c__Eurotatoria","o__Adinetida","f__Adinetidae","g__Adineta","s__Adineta vaga"
"ASV14234",0,0,0,0,0,0,0,0,0,0,0,0,0,0,0,0,0,0,0,0,0,0,0,0,0,2,0,0,0,0,0,0,0,0,0,0,0,0,0,0,0,0,"d__Eukaryota","p__Rotifera","c__Eurotatoria","o__Adinetida","f__Adinetidae","g__Adineta","s__Adineta vaga"
"ASV14769",0,0,0,0,0,0,0,0,0,0,0,0,1,0,0,7,10,0,0,0,0,0,0,0,0,0,0,0,0,0,0,0,0,0,0,0,0,0,0,0,0,0,"d__Eukaryota","p__Rotifera","c__Eurotatoria","o__Adinetida","f__Adinetidae","g__Adineta","s__Adineta sp. AN.2.4"
"ASV15116",0,0,0,0,0,0,0,0,0,0,0,0,0,0,0,0,0,0,0,0,0,0,0,0,0,0,0,11,0,0,0,0,0,0,0,0,0,0,0,0,0,0,"d__Eukaryota","p__Rotifera","c__Eurotatoria","o__Adinetida","f__Adinetidae","g__Adineta","s__Adineta sp. TZ.2"
"ASV15312",0,0,1,0,0,0,0,0,0,0,0,2,0,0,0,0,0,0,0,0,0,0,0,0,0,0,0,0,0,0,0,0,0,0,0,0,0,0,0,0,0,0,"d__Eukaryota","p__Rotifera","c__Eurotatoria","o__Ploima","f__Synchaetidae","g__Polyarthra","s__Polyarthra dolichoptera"
"ASV15660",0,0,0,0,0,0,0,0,0,0,0,0,0,0,0,0,0,0,0,0,0,0,0,11,0,0,0,0,0,0,0,0,0,0,0,0,0,0,0,0,0,0,"d__Eukaryota","p__Rotifera","c__Eurotatoria","o__Adinetida","f__Adinetidae","g__Adineta","s__Adineta vaga"
"ASV15831",0,0,0,0,0,0,0,0,0,0,0,0,0,0,0,0,0,0,0,0,0,0,0,0,0,0,0,0,0,0,0,0,0,0,0,0,0,0,0,0,6,5,"d__Eukaryota","p__Rotifera","c__Eurotatoria","o__Adinetida","f__Adinetidae","g__Adineta","s__Adineta vaga"
"ASV15851",0,0,0,0,0,0,0,0,0,0,0,0,0,0,0,0,0,0,0,0,0,0,0,0,0,0,1,0,0,0,0,0,0,0,0,0,0,0,0,0,0,0,"d__Eukaryota","p__Rotifera","c__Eurotatoria","o__Philodinida","f__Philodinidae","g__Pleuretra","s__Pleuretra lineata"
"ASV16016",0,0,0,0,0,0,0,0,0,0,0,0,5,4,0,0,0,0,0,0,0,0,0,0,0,0,0,0,0,0,0,0,0,0,0,0,0,0,0,0,0,0,"d__Eukaryota","p__Rotifera","c__Eurotatoria","o__Philodinida","f__Philodinidae","g__Philodina","s__Philodina haejooni"
"ASV16216",0,0,0,0,0,0,0,0,0,0,0,0,0,0,0,0,0,0,0,0,0,0,0,0,0,0,0,0,0,0,0,0,0,2,0,0,0,0,0,0,0,0,"d__Eukaryota","p__Rotifera","c__Eurotatoria","o__Ploima","f__Euchlanidae","g__Euchlanis","s__Euchlanis dilatata"
"ASV16671",0,0,0,0,0,4,0,0,0,0,0,0,0,0,0,0,0,0,0,0,0,0,0,0,0,0,0,0,0,0,0,0,0,0,0,0,0,0,0,0,0,0,"d__Eukaryota","p__Rotifera","c__Eurotatoria","o__Philodinida","f__Philodinidae","g__Macrotrachela","s__Macrotrachela quadricornifera"
"ASV16703",0,0,0,0,0,0,0,0,0,0,0,0,0,0,0,0,0,0,0,0,0,0,0,0,0,0,0,0,0,0,0,0,0,0,0,0,0,5,0,0,0,0,"d__Eukaryota","p__Rotifera","c__Eurotatoria","o__Philodinida","f__Philodinidae","g__Philodina","s__Philodina haejooni"
"ASV17610",0,0,0,0,0,0,0,18,0,0,0,0,0,0,0,0,0,0,0,0,0,0,0,0,0,0,0,0,0,0,0,0,0,0,0,0,0,0,0,0,0,0,"d__Eukaryota","p__Rotifera","c__Eurotatoria","o__Philodinida","f__Philodinidae","g__Macrotrachela","s__Macrotrachela quadricornifera"
"ASV17724",0,5,0,0,0,0,0,0,0,0,0,0,0,0,0,0,0,0,0,0,0,0,0,0,0,0,0,0,0,0,0,0,0,0,0,0,0,0,0,0,0,0,"d__Eukaryota","p__Rotifera","c__Eurotatoria","o__Philodinida","f__Habrotrochidae","g__Habrotrocha","s__Habrotrocha lata"
"ASV17739",0,0,0,0,0,1,0,0,0,0,0,0,0,0,0,0,0,0,0,0,0,0,0,0,0,0,0,0,0,0,0,0,0,0,0,0,0,0,0,0,0,0,"d__Eukaryota","p__Rotifera","c__Eurotatoria","o__Adinetida","f__Adinetidae","g__Adineta","s__Adineta vaga"
"ASV17933",0,0,0,14,0,0,0,0,0,0,0,0,0,0,0,0,0,0,0,0,0,0,0,0,0,0,0,0,0,0,0,0,0,0,0,0,0,0,0,0,0,0,"d__Eukaryota","p__Rotifera","c__Eurotatoria","o__Adinetida","f__Adinetidae","g__Adineta","s__Adineta vaga"
"ASV18120",0,3,0,0,0,0,0,0,0,0,0,0,0,0,0,0,0,0,0,0,0,0,0,0,0,0,0,0,0,0,0,0,0,0,0,0,0,0,0,0,0,0,"d__Eukaryota","p__Rotifera","c__Eurotatoria","o__Philodinida","f__Philodinidae","g__Rotaria","s__Rotaria rotatoria"
"ASV18470",0,0,0,0,0,0,0,0,0,0,0,0,0,0,0,0,0,0,0,0,0,0,0,0,0,0,5,0,0,0,0,0,0,0,0,0,0,0,0,0,0,0,"d__Eukaryota","p__Rotifera","c__Eurotatoria","o__Adinetida","f__Adinetidae","g__Adineta","s__Adineta vaga"
"ASV18738",2,0,5,0,0,0,0,0,0,0,4,0,0,0,0,0,0,0,0,0,0,0,2,0,0,0,0,0,0,0,0,0,0,0,0,0,0,0,0,0,0,0,"d__Eukaryota","p__Rotifera","c__Eurotatoria","o__Ploima","f__Lecanidae","g__Lecane","s__Lecane leontina"
"ASV18747",0,0,0,0,0,0,0,0,0,0,0,0,0,0,0,0,0,0,0,0,0,0,0,0,0,0,0,6,0,0,0,0,0,0,0,0,0,0,0,0,0,0,"d__Eukaryota","p__Rotifera","c__Eurotatoria","o__Adinetida","f__Adinetidae","g__Adineta","s__Adineta vaga"
"ASV19128",0,0,0,0,0,0,0,0,0,0,0,0,0,0,0,3,13,0,0,0,0,0,0,0,0,0,0,0,0,0,0,0,0,0,0,0,0,0,0,0,0,0,"d__Eukaryota","p__Rotifera","c__Eurotatoria","o__Philodinida","f__Philodinidae","g__Macrotrachela","s__Macrotrachela quadricornifera"
"ASV19271",0,0,0,0,0,2,0,0,0,0,0,0,0,0,0,0,0,0,0,0,0,0,0,0,0,0,0,0,0,0,0,0,0,0,0,0,0,0,0,0,0,0,"d__Eukaryota","p__Rotifera","c__Eurotatoria","o__Philodinida","f__Philodinidae","g__Macrotrachela","s__Macrotrachela quadricornifera"
"ASV19581",0,0,0,0,0,0,0,0,0,0,0,0,0,0,0,0,0,0,0,0,0,0,0,0,0,7,0,0,0,0,0,0,0,0,0,0,0,0,0,0,0,0,"d__Eukaryota","p__Rotifera","c__Eurotatoria","o__Adinetida","f__Adinetidae","g__Adineta","s__Adineta vaga"
"ASV20314",0,0,0,0,0,0,0,0,0,0,0,0,0,0,0,0,0,0,0,0,0,0,0,0,0,0,0,0,0,0,0,0,0,1,0,0,0,0,0,0,0,0,"d__Eukaryota","p__Rotifera","c__Eurotatoria","o__Philodinida","f__Philodinidae","g__Macrotrachela","s__Macrotrachela quadricornifera"
"ASV20612",0,0,3,0,0,0,0,0,0,0,0,0,0,0,0,0,0,0,0,0,0,0,0,0,0,0,0,0,0,0,0,0,0,0,0,0,0,0,0,0,0,0,"d__Eukaryota","p__Rotifera","c__Eurotatoria","o__Ploima","f__Synchaetidae","g__Polyarthra","s__Polyarthra sp. UO-2013"
"ASV20930",0,0,0,0,0,0,3,0,0,0,0,0,0,0,0,0,0,0,0,0,0,0,0,0,0,0,0,0,0,0,0,0,0,0,0,0,0,0,0,0,0,0,"d__Eukaryota","p__Rotifera","c__Eurotatoria","o__Philodinida","f__Philodinidae","g__Philodina","s__Philodina megalotrocha"
"ASV21087",0,0,0,0,0,0,0,0,0,0,0,0,0,0,0,0,0,0,0,0,0,0,0,0,0,0,0,5,0,0,0,0,0,0,0,0,0,0,0,0,0,0,"d__Eukaryota","p__Rotifera","c__Eurotatoria","o__Philodinida","f__Philodinidae","g__Philodina","s__Philodina haejooni"
"ASV21473",2,0,0,0,0,0,0,0,0,0,3,0,0,0,0,0,0,0,0,0,0,0,4,0,0,0,0,0,0,0,0,0,0,0,0,0,0,0,0,0,0,0,"d__Eukaryota","p__Rotifera","c__Eurotatoria","o__Ploima","f__Synchaetidae","g__Polyarthra","s__Polyarthra dolichoptera"
"ASV21546",5,0,2,0,0,0,0,0,0,0,4,0,0,0,0,0,0,0,0,0,0,0,0,0,0,0,0,0,0,0,0,0,0,0,0,0,0,0,0,0,0,0,"d__Eukaryota","p__Rotifera","c__Eurotatoria","o__Ploima","f__Synchaetidae","g__Polyarthra","s__Polyarthra dolichoptera"
"ASV22106",0,0,0,0,0,0,0,0,0,0,0,0,1,2,1,0,1,0,0,0,0,0,0,0,0,0,0,0,0,0,0,0,0,0,0,0,0,0,0,0,0,0,"d__Eukaryota","p__Rotifera","c__Eurotatoria","o__Adinetida","f__Adinetidae","g__Adineta","s__Adineta vaga"
"ASV22875",0,0,0,0,0,0,0,0,0,0,0,0,0,0,0,0,0,0,0,0,0,0,0,0,0,0,0,0,0,0,0,0,0,3,0,0,0,0,0,0,0,0,"d__Eukaryota","p__Rotifera","c__Eurotatoria","o__Adinetida","f__Adinetidae","g__Adineta","s__Adineta vaga"
"ASV23640",0,0,0,0,0,0,0,14,0,0,0,0,0,0,0,0,0,0,0,0,0,0,0,0,0,0,0,0,0,0,0,0,0,0,0,0,0,0,0,0,0,0,"d__Eukaryota","p__Rotifera","c__Eurotatoria","o__Philodinida","f__Philodinidae","g__Macrotrachela","s__Macrotrachela quadricornifera"
"ASV23770",0,0,0,0,0,0,0,0,0,0,0,0,0,0,0,0,0,0,0,0,0,0,0,0,0,0,0,0,0,0,0,0,0,0,0,0,0,0,0,3,0,0,"d__Eukaryota","p__Rotifera","c__Eurotatoria","o__Philodinida","f__Philodinidae","g__Macrotrachela","s__Macrotrachela quadricornifera"
"ASV23833",0,0,0,0,0,1,0,0,0,0,0,0,0,0,0,0,0,0,0,0,0,0,0,0,0,0,1,0,0,0,0,0,0,0,0,0,0,0,0,0,0,0,"d__Eukaryota","p__Rotifera","c__Eurotatoria","o__Philodinida","f__Philodinidae","g__Macrotrachela","s__Macrotrachela quadricornifera"
"ASV24039",0,0,0,0,0,0,0,0,0,0,0,0,0,0,0,0,0,0,0,0,0,0,0,5,0,0,0,0,0,0,0,0,0,0,0,0,0,0,0,0,0,0,"d__Eukaryota","p__Rotifera","c__Eurotatoria","o__Adinetida","f__Adinetidae","g__Adineta","s__Adineta steineri"
"ASV24396",0,0,0,0,0,0,0,0,0,0,0,0,0,0,0,0,0,0,0,0,0,0,0,0,0,0,0,0,0,0,0,0,0,0,0,0,0,0,7,0,0,0,"d__Eukaryota","p__Rotifera","c__Eurotatoria","o__Philodinida","f__Philodinidae","g__Macrotrachela","s__Macrotrachela quadricornifera"
"ASV25585",0,0,0,0,0,0,0,0,0,0,0,0,0,0,0,0,0,0,0,0,0,0,0,6,0,0,0,0,0,0,0,0,0,0,0,0,0,0,0,0,0,0,"d__Eukaryota","p__Rotifera","c__Eurotatoria","o__Adinetida","f__Adinetidae","g__Adineta","s__Adineta vaga"
"ASV25670",0,0,0,0,0,0,0,0,0,0,0,0,0,0,0,12,0,0,0,0,0,0,0,0,0,0,0,0,0,0,0,0,0,0,0,0,0,0,0,0,0,0,"d__Eukaryota","p__Rotifera","c__Eurotatoria","o__Adinetida","f__Adinetidae","g__Adineta","s__Adineta vaga"
"ASV25981",0,0,0,0,0,0,0,0,0,0,0,0,0,0,0,0,0,0,4,2,0,0,0,0,0,0,0,0,0,0,0,0,0,0,0,0,0,0,0,0,0,0,"d__Eukaryota","p__Rotifera","c__Eurotatoria","o__Philodinida","f__Philodinidae","g__Philodina","s__Philodina haejooni"
"ASV26218",0,0,0,0,0,0,0,0,0,0,0,0,0,0,0,0,0,0,0,0,0,0,0,0,0,0,0,0,0,0,0,0,0,1,0,0,0,0,0,0,0,0,"d__Eukaryota","p__Rotifera","c__Eurotatoria","o__Philodinida","f__Philodinidae","g__Macrotrachela","s__Macrotrachela quadricornifera"
"ASV26362",0,0,0,0,0,0,0,13,0,0,0,0,0,0,0,0,0,0,0,0,0,0,0,0,0,0,0,0,0,0,0,0,0,0,0,0,0,0,0,0,0,0,"d__Eukaryota","p__Rotifera","c__Eurotatoria","o__Philodinida","f__Philodinidae","g__Philodina","s__Philodina hongcheonensis"
"ASV26632",0,0,0,0,0,0,0,0,0,0,0,0,0,0,5,0,0,0,0,0,0,0,0,0,0,0,0,0,0,0,0,0,0,0,0,0,0,0,0,0,0,0,"d__Eukaryota","p__Rotifera","c__Eurotatoria","o__Philodinida","f__Philodinidae","g__Pleuretra","s__Pleuretra lineata"
"ASV28235",0,0,0,0,0,0,0,0,0,0,0,0,0,0,0,0,0,0,0,0,0,0,0,0,0,0,0,0,0,0,0,0,0,0,0,0,4,0,0,0,0,0,"d__Eukaryota","p__Rotifera","c__Eurotatoria","o__Philodinida","f__Philodinidae","g__Macrotrachela","s__Macrotrachela quadricornifera"
"ASV28375",0,0,0,0,3,0,0,0,0,0,0,0,0,0,0,0,0,0,0,0,0,0,0,0,0,0,0,0,0,0,0,0,0,0,0,0,0,0,0,0,0,0,"d__Eukaryota","p__Rotifera","c__Eurotatoria","o__Adinetida","f__Adinetidae","g__Adineta","s__Adineta vaga"
"ASV28489",0,0,0,0,0,0,0,0,0,0,0,1,0,0,0,0,0,0,0,0,0,0,0,0,0,0,0,0,0,0,0,0,0,0,0,0,0,0,0,0,0,0,"d__Eukaryota","p__Rotifera","c__Eurotatoria","o__Adinetida","f__Adinetidae","g__Adineta","s__Adineta sp. FR.1"
"ASV28800",0,0,0,0,0,0,2,0,0,0,0,0,0,0,0,0,0,0,0,0,0,0,0,0,0,0,0,0,0,0,0,0,0,0,0,0,0,0,0,0,0,0,"d__Eukaryota","p__Rotifera","c__Eurotatoria","o__Philodinida","f__Philodinidae","g__Macrotrachela","s__Macrotrachela quadricornifera"
"ASV29289",0,0,3,0,0,0,0,0,0,0,0,0,0,0,0,0,0,0,0,0,0,0,0,0,0,0,0,0,0,0,0,0,0,0,0,0,0,0,0,0,0,0,"d__Eukaryota","p__Rotifera","c__Eurotatoria","o__Ploima","f__Synchaetidae","g__Polyarthra","s__Polyarthra sp. UO-2013"
"ASV29458",0,3,0,0,0,0,0,0,0,0,0,0,0,0,0,0,0,0,0,0,0,0,0,0,0,0,0,0,0,0,0,0,0,0,0,0,0,0,0,0,0,0,"d__Eukaryota","p__Rotifera","c__Eurotatoria","o__Adinetida","f__Adinetidae","g__Adineta","s__Adineta vaga"
"ASV31824",0,0,0,0,0,0,0,0,0,0,0,0,0,0,0,0,0,0,1,1,0,0,0,0,0,0,0,0,0,0,0,0,0,0,0,0,0,0,0,0,0,0,"d__Eukaryota","p__Rotifera","c__Eurotatoria","o__Philodinida","f__Philodinidae","g__Philodina","s__Philodina haejooni"
"ASV32421",0,0,0,0,0,0,0,0,0,0,0,0,0,0,0,0,0,0,0,0,0,0,0,0,1,0,0,0,0,0,0,0,0,0,0,0,0,0,0,0,0,0,"d__Eukaryota","p__Rotifera","c__Eurotatoria","o__Adinetida","f__Adinetidae","g__Adineta","s__Adineta sp. TZ.2"
"ASV33075",0,0,0,0,2,0,0,0,0,0,0,0,0,0,0,0,0,0,0,0,0,0,0,0,0,0,0,0,0,0,0,0,0,0,0,0,0,0,0,0,0,0,"d__Eukaryota","p__Rotifera","c__Eurotatoria","o__Adinetida","f__Adinetidae","g__Adineta","s__Adineta vaga"
"ASV33508",0,0,0,0,0,0,0,0,0,0,0,1,0,0,0,0,0,0,0,0,0,0,0,0,0,0,0,0,0,0,0,0,0,0,0,0,0,0,0,0,0,0,"d__Eukaryota","p__Rotifera","c__Eurotatoria","o__Ploima","f__Synchaetidae","g__Polyarthra","s__Polyarthra dolichoptera complex sp. UO-2013"
"ASV33646",0,0,5,0,0,0,0,0,0,0,0,0,0,0,0,0,0,0,0,0,0,0,0,0,0,0,0,0,0,0,0,0,0,0,0,0,0,0,0,0,0,0,"d__Eukaryota","p__Rotifera","c__Eurotatoria","o__Ploima","f__Synchaetidae","g__Polyarthra","s__Polyarthra sp. UO-2013"
"ASV33761",0,0,0,0,0,2,0,0,0,0,0,0,0,0,0,0,0,0,0,0,0,0,0,0,0,0,0,0,0,0,0,0,0,0,0,0,0,0,0,0,0,0,"d__Eukaryota","p__Rotifera","c__Eurotatoria","o__Adinetida","f__Adinetidae","g__Adineta","s__Adineta vaga"
"ASV34594",0,0,0,0,0,0,0,0,0,0,0,0,0,0,0,0,0,0,0,0,0,0,0,2,0,0,0,0,0,0,0,0,0,0,0,0,0,0,0,0,0,0,"d__Eukaryota","p__Rotifera","c__Eurotatoria","o__Adinetida","f__Adinetidae","g__Adineta","s__Adineta vaga"
"ASV34694",0,0,0,0,0,0,0,0,0,0,0,0,0,0,0,0,0,0,0,0,0,0,0,0,0,0,0,0,0,0,1,0,0,0,0,0,0,0,0,0,0,0,"d__Eukaryota","p__Rotifera","c__Eurotatoria","o__Adinetida","f__Adinetidae","g__Adineta","s__Adineta vaga"
"ASV34857",0,0,0,0,0,0,0,0,0,0,0,0,0,0,0,0,0,0,0,0,0,0,0,0,0,0,0,0,4,9,0,0,0,0,0,0,0,0,0,0,0,0,"d__Eukaryota","p__Rotifera","c__Eurotatoria","o__Adinetida","f__Adinetidae","g__Adineta","s__Adineta vaga"
"ASV35531",0,0,0,4,0,0,0,0,0,0,0,0,0,0,0,0,0,0,0,0,0,0,0,0,0,0,0,0,0,0,0,0,0,0,0,0,0,0,0,0,0,0,"d__Eukaryota","p__Rotifera","c__Eurotatoria","o__Adinetida","f__Adinetidae","g__Adineta","s__Adineta vaga"
"ASV35834",0,0,0,0,0,0,0,0,0,0,1,0,0,0,0,0,0,0,0,0,0,0,17,0,0,0,0,0,0,0,0,0,0,0,0,0,0,0,0,0,0,0,"d__Eukaryota","p__Rotifera","c__Eurotatoria","o__Ploima","f__Synchaetidae","g__Polyarthra","s__Polyarthra sp. UO-2013"
"ASV35900",0,0,0,0,0,0,0,0,0,0,0,0,0,0,0,0,0,0,2,0,0,0,0,0,0,0,0,0,0,0,0,0,0,0,0,0,0,0,0,0,0,0,"d__Eukaryota","p__Rotifera","c__Eurotatoria","o__Philodinida","f__Philodinidae","g__Philodina","s__Philodina haejooni"
"ASV35947",0,0,0,0,0,0,0,8,0,0,0,0,0,0,0,0,0,0,0,0,0,0,0,0,0,0,0,0,0,0,0,0,0,0,0,0,0,0,0,0,0,0,"d__Eukaryota","p__Rotifera","c__Eurotatoria","o__Adinetida","f__Adinetidae","g__Adineta","s__Adineta vaga"
"ASV36263",0,0,0,0,0,0,0,0,0,0,0,0,0,0,1,1,0,0,0,0,0,0,0,0,0,0,0,0,0,0,0,0,0,0,0,0,0,0,0,0,0,0,"d__Eukaryota","p__Rotifera","c__Eurotatoria","o__Adinetida","f__Adinetidae","g__Adineta","s__Adineta vaga"
"ASV36815",0,0,0,0,0,0,0,0,0,0,0,0,0,0,0,2,1,0,0,0,0,0,0,0,0,0,0,0,0,0,0,0,0,0,0,0,0,0,0,0,0,0,"d__Eukaryota","p__Rotifera","c__Eurotatoria","o__Adinetida","f__Adinetidae","g__Adineta","s__Adineta vaga"
"ASV37329",0,0,0,0,0,0,0,0,0,0,0,0,0,0,0,0,0,0,0,0,0,0,0,0,0,0,0,0,0,0,0,0,0,0,0,0,0,2,0,0,0,0,"d__Eukaryota","p__Rotifera","c__Eurotatoria","o__Philodinida","f__Philodinidae","g__Philodina","s__Philodina haejooni"
"ASV38785",0,0,0,0,0,1,0,0,0,0,0,0,0,0,0,0,0,0,0,0,0,0,0,0,0,0,0,0,0,0,0,0,0,0,0,0,0,0,0,0,0,0,"d__Eukaryota","p__Rotifera","c__Eurotatoria","o__Ploima","f__Brachionidae","g__Brachionus","s__Brachionus falcatus"
"ASV39033",0,0,0,0,0,0,0,0,0,0,0,0,0,0,0,0,0,0,0,0,0,0,0,0,0,1,0,0,0,0,0,0,0,0,0,0,0,0,0,0,0,0,"d__Eukaryota","p__Rotifera","c__Eurotatoria","o__Adinetida","f__Adinetidae","g__Adineta","s__Adineta vaga"
"ASV39855",0,0,0,0,0,0,0,0,0,0,0,1,0,0,0,0,0,0,0,0,0,0,0,0,0,0,0,0,0,0,0,0,0,0,0,0,0,0,0,0,0,0,"d__Eukaryota","p__Rotifera","c__Eurotatoria","o__Philodinida","f__Philodinidae","g__Macrotrachela","s__Macrotrachela quadricornifera"
"ASV40627",0,0,0,0,0,2,0,0,0,0,0,0,0,0,0,0,0,0,0,0,0,0,0,0,0,0,0,0,0,0,0,0,0,0,0,0,0,0,0,0,0,0,"d__Eukaryota","p__Rotifera","c__Eurotatoria","o__Adinetida","f__Adinetidae","g__Adineta","s__Adineta sp. TZ.2"
"ASV41248",0,0,0,0,0,0,0,0,0,0,0,0,0,0,0,0,0,0,0,0,0,0,0,0,0,0,0,0,0,0,0,0,0,0,0,0,1,0,0,0,0,0,"d__Eukaryota","p__Rotifera","c__Eurotatoria","o__Philodinida","f__Philodinidae","g__Macrotrachela","s__Macrotrachela quadricornifera"
"ASV41655",0,0,0,0,0,0,0,0,0,0,0,0,0,0,0,0,0,0,0,0,0,0,0,0,0,0,0,4,0,0,0,0,0,0,0,0,0,0,0,0,0,0,"d__Eukaryota","p__Rotifera","c__Eurotatoria","o__Philodinida","f__Philodinidae","g__Macrotrachela","s__Macrotrachela quadricornifera"
"ASV42661",0,0,0,0,0,0,0,0,0,0,0,0,0,0,0,0,0,0,0,0,0,0,0,0,0,0,0,0,0,0,0,0,0,0,2,0,0,0,0,0,0,0,"d__Eukaryota","p__Rotifera","c__Eurotatoria","o__Adinetida","f__Adinetidae","g__Adineta","s__Adineta vaga"
"ASV45295",0,0,0,0,0,0,0,0,0,2,0,0,0,0,0,0,0,0,0,0,0,0,0,0,0,0,0,0,0,0,0,0,0,0,0,0,0,0,0,0,0,0,"d__Eukaryota","p__Rotifera","c__Eurotatoria","o__Adinetida","f__Adinetidae","g__Adineta","s__Adineta vaga"
"ASV45673",0,0,0,0,0,0,0,0,0,0,0,0,2,0,1,0,0,0,0,0,0,0,0,0,0,0,0,0,0,0,0,0,0,0,0,0,0,0,0,0,0,0,"d__Eukaryota","p__Rotifera","c__Eurotatoria","o__Philodinida","f__Philodinidae","g__Pleuretra","s__Pleuretra lineata"
"ASV47833",0,0,0,0,0,0,0,0,0,0,0,0,0,0,0,0,0,0,0,0,0,0,0,0,0,0,0,0,0,0,0,0,0,0,0,1,0,0,0,0,0,0,"d__Eukaryota","p__Rotifera","c__Eurotatoria","o__Adinetida","f__Adinetidae","g__Adineta","s__Adineta vaga"
"ASV51374",0,0,0,0,0,0,0,0,0,0,0,0,0,0,0,0,0,5,0,0,0,0,0,0,0,0,0,0,0,0,0,0,0,0,0,0,0,0,0,0,0,0,"d__Eukaryota","p__Rotifera","c__Eurotatoria","o__Philodinida","f__Philodinidae","g__Macrotrachela","s__Macrotrachela papillosa"
"ASV52691",0,0,0,0,0,0,0,0,0,0,0,0,1,1,0,0,0,0,0,0,0,0,0,0,0,0,0,0,0,0,0,0,0,0,0,0,0,0,0,0,0,0,"d__Eukaryota","p__Rotifera","c__Eurotatoria","o__Adinetida","f__Adinetidae","g__Adineta","s__Adineta vaga"
"ASV52735",0,0,0,0,0,0,0,0,0,0,0,0,0,0,0,1,1,0,0,0,0,0,0,0,0,0,0,0,0,0,0,0,0,0,0,0,0,0,0,0,0,0,"d__Eukaryota","p__Rotifera","c__Eurotatoria","o__Adinetida","f__Adinetidae","g__Adineta","s__Adineta vaga"
"ASV54064",0,0,0,0,0,0,0,0,0,0,0,0,0,0,0,0,0,0,0,0,0,0,0,0,0,0,0,0,0,0,0,0,0,0,0,0,0,0,0,5,0,0,"d__Eukaryota","p__Rotifera","c__Eurotatoria","o__Philodinida","f__Philodinidae","g__Macrotrachela","s__Macrotrachela quadricornifera"
"ASV55439",0,0,0,0,0,0,0,0,0,0,0,0,0,0,0,0,0,0,0,0,0,0,0,0,0,0,0,0,0,0,1,0,0,0,0,0,0,0,0,0,0,0,"d__Eukaryota","p__Rotifera","c__Eurotatoria","o__Adinetida","f__Adinetidae","g__Adineta","s__Adineta vaga"
"ASV55820",0,0,0,0,0,0,0,0,0,0,0,0,0,0,0,0,0,0,0,0,0,0,0,0,0,0,0,0,0,0,0,0,0,0,0,1,0,0,0,0,0,0,"d__Eukaryota","p__Rotifera","c__Eurotatoria","o__Philodinida","f__Philodinidae","g__Anomopus","s__Anomopus telphusae"
"ASV56654",0,1,0,0,0,0,0,0,0,0,0,0,0,0,0,0,0,0,0,0,0,0,0,0,0,0,0,0,0,0,0,0,0,0,0,0,0,0,0,0,0,0,"d__Eukaryota","p__Rotifera","c__Eurotatoria","o__Philodinida","f__Philodinidae","g__Philodina","s__Philodina megalotrocha"
"ASV58263",0,0,0,0,0,0,0,0,0,0,0,0,0,0,0,0,0,0,0,0,0,0,0,0,0,0,2,0,0,0,0,0,0,0,0,0,0,0,0,0,0,0,"d__Eukaryota","p__Rotifera","c__Eurotatoria","o__Adinetida","f__Adinetidae","g__Adineta","s__Adineta sp. FR.5"
"ASV59315",0,0,0,0,0,0,0,0,0,0,0,0,0,0,0,0,0,0,0,0,0,0,0,0,0,0,0,0,0,0,0,3,0,0,0,0,0,0,0,0,0,0,"d__Eukaryota","p__Rotifera","c__Eurotatoria","o__Adinetida","f__Adinetidae","g__Adineta","s__Adineta vaga"
"ASV59434",0,0,0,0,0,0,0,0,0,0,0,0,0,0,0,0,0,0,0,0,0,0,0,0,0,0,1,0,0,0,0,0,0,0,0,0,0,0,0,0,0,0,"d__Eukaryota","p__Rotifera","c__Eurotatoria","o__Philodinida","f__Philodinidae","g__Macrotrachela","s__Macrotrachela quadricornifera"
"ASV63745",0,0,0,0,0,0,0,0,0,0,0,0,0,0,1,1,1,0,0,0,0,0,0,0,0,0,0,0,0,0,0,0,0,0,0,0,0,0,0,0,0,0,"d__Eukaryota","p__Rotifera","c__Eurotatoria","o__Philodinida","f__Philodinidae","g__Macrotrachela","s__Macrotrachela quadricornifera"
"ASV63995",0,0,3,0,0,0,0,0,0,0,0,0,0,0,0,0,0,0,0,0,0,0,0,0,0,0,0,0,0,0,0,0,0,0,0,0,0,0,0,0,0,0,"d__Eukaryota","p__Rotifera","c__Eurotatoria","o__Ploima","f__Lecanidae","g__Lecane","s__Lecane leontina"
"ASV65371",0,0,0,0,0,1,0,0,0,0,0,0,0,0,0,0,0,0,0,0,0,0,0,0,0,0,0,0,0,0,0,0,0,0,0,0,0,0,0,0,0,0,"d__Eukaryota","p__Rotifera","c__Eurotatoria","o__Philodinida","f__Habrotrochidae","g__Habrotrocha","s__Habrotrocha lata"
"ASV65917",0,0,0,0,0,0,0,0,0,0,0,0,0,0,0,0,0,0,0,0,1,0,0,0,0,0,0,0,0,0,0,0,0,0,0,0,0,0,0,0,0,0,"d__Eukaryota","p__Rotifera","c__Eurotatoria","o__Adinetida","f__Adinetidae","g__Adineta","s__Adineta vaga"
"ASV65990",0,0,2,0,0,0,0,0,0,0,0,0,0,0,0,0,0,0,0,0,0,0,0,0,0,0,0,0,0,0,0,0,0,0,0,0,0,0,0,0,0,0,"d__Eukaryota","p__Rotifera","c__Eurotatoria","o__Ploima","f__Synchaetidae","g__Polyarthra","s__Polyarthra dolichoptera"
"ASV66624",0,0,0,0,0,0,0,0,0,0,0,0,0,0,0,0,0,0,0,0,0,0,0,0,0,0,0,0,0,0,0,0,0,0,1,0,0,0,0,0,0,0,"d__Eukaryota","p__Rotifera","c__Eurotatoria","o__Philodinida","f__Habrotrochidae","g__Habrotrocha","s__Habrotrocha antarctica"
"ASV66874",0,0,0,0,0,0,0,0,0,6,0,0,0,0,0,0,0,0,0,0,0,0,0,0,0,0,0,0,0,0,0,0,0,0,0,0,0,0,0,0,0,0,"d__Eukaryota","p__Rotifera","c__Eurotatoria","o__Philodinida","f__Habrotrochidae","g__Habrotrocha","s__Habrotrocha constricta"
"ASV68072",1,0,4,0,0,0,0,0,0,0,0,0,0,0,0,0,0,0,0,0,0,0,0,0,0,0,0,0,0,0,0,0,0,0,0,0,0,0,0,0,0,0,"d__Eukaryota","p__Rotifera","c__Eurotatoria","o__Ploima","f__Synchaetidae","g__Polyarthra","s__Polyarthra dolichoptera"
"ASV68914",0,0,0,0,0,0,0,0,0,0,0,0,0,0,3,0,0,0,0,0,0,0,0,0,0,0,0,0,0,0,0,0,0,0,0,0,0,0,0,0,0,0,"d__Eukaryota","p__Rotifera","c__Eurotatoria","o__Ploima","f__Lecanidae","g__Lecane","s__Lecane sp. bulla3"
"ASV69797",0,0,0,0,0,0,0,0,0,0,0,0,0,0,0,0,0,0,0,0,0,0,0,0,0,0,0,0,0,0,0,2,0,0,0,0,0,0,0,0,0,0,"d__Eukaryota","p__Rotifera","c__Eurotatoria","o__Adinetida","f__Adinetidae","g__Adineta","s__Adineta vaga"
"ASV70111",0,0,0,0,0,0,0,0,0,6,0,0,0,0,0,0,0,0,0,0,0,0,0,0,0,0,0,0,0,0,0,0,0,0,0,0,0,0,0,0,0,0,"d__Eukaryota","p__Rotifera","c__Eurotatoria","o__Philodinida","f__Philodinidae","g__Macrotrachela","s__Macrotrachela quadricornifera"
